seed,policy,tick,mass,massRatio,energy,energyRatio,freeEnergy,occupiedFraction,activity
101,FIXED,0,232.08000008761883,1.0,185.66400108486414,1.0,2457.60009765625,0.03167724609375,0
101,FIXED,30,244.522713462502,1.0536138976653981,39.818429956941145,0.2144649998075866,2603.4456722812756,0.033447265625,0.028589717639002643
101,FIXED,60,235.94101046134892,1.0166365493462273,40.12562276439894,0.21611956291978293,2603.1384782581154,0.0302734375,0.02846765707222776
101,FIXED,90,156.0885791569017,0.6725636810495194,25.95513097345247,0.13979624925560438,2617.308969130958,0.02264404296875,0.02377020532122298
101,FIXED,120,153.06404092774028,0.6595313722421273,24.694289905539335,0.13300526629420184,2618.569810213783,0.02203369140625,0.018749632467180533
101,FIXED,150,155.4358514212072,0.6697511692628593,25.277319833330694,0.13614550847569434,2617.986779842846,0.02197265625,0.018542602581792522
101,FIXED,180,161.24992431663122,0.6948031896576757,26.415620973268233,0.14227648234939233,2616.848477801759,0.02276611328125,0.019155624255609016
101,FIXED,210,159.17822537156462,0.6858765309870257,26.69471122572577,0.1437796830281818,2616.5693858619925,0.021728515625,0.019320727776724222
101,FIXED,240,78.78313644346781,0.33946542749795006,12.88708219727414,0.06941077495891976,2630.3770144114096,0.01104736328125,0.014424081341121386
101,FIXED,270,79.4268934110878,0.3422392855097432,12.85826212808388,0.06925554794117879,2630.405833492463,0.01092529296875,0.009581074048305993
101,FIXED,300,77.49322594306432,0.33390738501295997,15.99552034206863,0.08615305201118297,2627.2685747571086,0.01080322265625,0.009426005717195096
101,FIXED,330,73.8758433572948,0.3183205934565836,11.913067439445058,0.06416465965311056,2631.3510273819847,0.01019287109375,0.009128069101237202
101,FIXED,360,72.16989376721904,0.3109698971905042,11.317713343116338,0.060958038591138554,2631.9463660255424,0.0091552734375,0.008506477555187075
101,FIXED,390,75.77131953386561,0.32648793306299173,11.520730117528728,0.06205150190780808,2631.743348732387,0.010009765625,0.008682045646291936
101,FIXED,420,80.84735651686788,0.34835986076501635,13.176869249671654,0.07097158939092728,2630.0872097954853,0.0113525390625,0.009434027221981278
101,FIXED,450,81.1021692733193,0.3494578130071537,13.490898939402541,0.07266297645517215,2629.773180214979,0.01123046875,0.009829092172247478
101,FIXED,480,77.33573781885207,0.3332287908895853,13.074040292320205,0.07041774504441636,2630.1900383394095,0.010498046875,0.00958213209900638
101,FIXED,510,52.25357816088945,0.22515330119425103,10.291380847455002,0.05543013609165393,2632.9726971942873,0.00665283203125,0.006003311667257094
101,FIXED,540,0,0.0,0,0.0,2643.2640781998634,0,0.003189305307671475
101,FIXED,570,0,0.0,0,0.0,2643.2640781998634,0,0
101,FIXED,600,0,0.0,0,0.0,2643.2640781998634,0,0
101,FIXED,630,0,0.0,0,0.0,2643.2640781998634,0,0
101,FIXED,660,0,0.0,0,0.0,2643.2640781998634,0,0
101,FIXED,690,0,0.0,0,0.0,2643.2640781998634,0,0
101,FIXED,720,0,0.0,0,0.0,2643.2640781998634,0,0
101,FIXED,750,0,0.0,0,0.0,2643.2640781998634,0,0
101,FIXED,780,0,0.0,0,0.0,2643.2640781998634,0,0
101,FIXED,810,0,0.0,0,0.0,2643.2640781998634,0,0
101,FIXED,840,0,0.0,0,0.0,2643.2640781998634,0,0
101,FIXED,870,0,0.0,0,0.0,2643.2640781998634,0,0
101,FIXED,900,0,0.0,0,0.0,2643.2640781998634,0,0
101,FIXED,930,0,0.0,0,0.0,2643.2640781998634,0,0
101,FIXED,960,0,0.0,0,0.0,2643.2640781998634,0,0
101,FIXED,990,0,0.0,0,0.0,2643.2640781998634,0,0
101,FIXED,1020,0,0.0,0,0.0,2643.2640781998634,0,0
101,FIXED,1050,0,0.0,0,0.0,2643.2640781998634,0,0
101,FIXED,1080,0,0.0,0,0.0,2643.2640781998634,0,0
101,FIXED,1110,0,0.0,0,0.0,2643.2640781998634,0,0
101,FIXED,1140,0,0.0,0,0.0,2643.2640781998634,0,0
101,FIXED,1170,0,0.0,0,0.0,2643.2640781998634,0,0
101,FIXED,1200,0,0.0,0,0.0,2643.2640781998634,0,0
101,FIXED,1230,0,0.0,0,0.0,2643.2640781998634,0,0
101,FIXED,1260,0,0.0,0,0.0,2643.2640781998634,0,0
101,FIXED,1290,0,0.0,0,0.0,2643.2640781998634,0,0
101,FIXED,1320,0,0.0,0,0.0,2643.2640781998634,0,0
101,FIXED,1350,0,0.0,0,0.0,2643.2640781998634,0,0
101,FIXED,1380,0,0.0,0,0.0,2643.2640781998634,0,0
101,FIXED,1410,0,0.0,0,0.0,2643.2640781998634,0,0
101,FIXED,1440,0,0.0,0,0.0,2643.2640781998634,0,0
101,FIXED,1470,0,0.0,0,0.0,2643.2640781998634,0,0
101,FIXED,1500,0,0.0,0,0.0,2643.2640781998634,0,0
101,FIXED,1530,0,0.0,0,0.0,2643.2640781998634,0,0
101,FIXED,1560,0,0.0,0,0.0,2643.2640781998634,0,0
101,FIXED,1590,0,0.0,0,0.0,2643.2640781998634,0,0
101,FIXED,1620,0,0.0,0,0.0,2643.2640781998634,0,0
101,FIXED,1650,0,0.0,0,0.0,2643.2640781998634,0,0
101,FIXED,1680,0,0.0,0,0.0,2643.2640781998634,0,0
101,FIXED,1710,0,0.0,0,0.0,2643.2640781998634,0,0
101,FIXED,1740,0,0.0,0,0.0,2643.2640781998634,0,0
101,FIXED,1770,0,0.0,0,0.0,2643.2640781998634,0,0
101,FIXED,1800,0,0.0,0,0.0,2643.2640781998634,0,0
101,RANDOM,0,232.08000008761883,1.0,185.66400108486414,1.0,2457.60009765625,0.03167724609375,0
101,RANDOM,30,244.522713462502,1.0536138976653981,39.818429956941145,0.2144649998075866,2603.4456722812756,0.033447265625,0.028589717639002643
101,RANDOM,60,235.94101046134892,1.0166365493462273,40.12562276439894,0.21611956291978293,2603.1384782581154,0.0302734375,0.02846765707222776
101,RANDOM,90,156.0885791569017,0.6725636810495194,25.95513097345247,0.13979624925560438,2617.308969130958,0.02264404296875,0.02377020532122298
101,RANDOM,120,153.06404092774028,0.6595313722421273,24.694289905539335,0.13300526629420184,2618.569810213783,0.02203369140625,0.018749632467180533
101,RANDOM,150,155.4358514212072,0.6697511692628593,25.277319833330694,0.13614550847569434,2617.986779842846,0.02197265625,0.018542602581792522
101,RANDOM,180,161.24992431663122,0.6948031896576757,26.415620973268233,0.14227648234939233,2616.848477801759,0.02276611328125,0.019155624255609016
101,RANDOM,210,160.8190566810663,0.6929466417629745,28.604616786287806,0.1540665752065371,2614.6594803633634,0.0228271484375,0.019432566878395452
101,RANDOM,240,78.14228388294578,0.33670408416685693,13.389449234950007,0.07211656086647565,2629.874646068929,0.01080322265625,0.01440725424678746
101,RANDOM,270,78.00769077241421,0.33612414142952174,13.36912637543719,0.0720071004466093,2629.8949686439737,0.01025390625,0.009458676326630666
101,RANDOM,300,74.33224416919984,0.3202871602082758,12.552468685478743,0.06760852191126272,2630.7116257011803,0.01043701171875,0.009134034246486067
101,RANDOM,330,79.1710739734117,0.34113699562013816,13.983929386966338,0.07531847479993982,2629.280164924421,0.0115966796875,0.008990504023785206
101,RANDOM,360,78.08841854613274,0.33647198602486844,13.198158330764272,0.07108625395146795,2630.065935679697,0.01031494140625,0.009459017275460724
101,RANDOM,390,79.58657459530514,0.3429273292194857,13.710388278355822,0.07384516221908315,2629.553704870501,0.01104736328125,0.009402696534202448
101,RANDOM,420,79.0398022653244,0.34057136433765917,13.732786631851923,0.07396580140258249,2629.5313060368353,0.0111083984375,0.009600393067378477
101,RANDOM,450,79.02932479605079,0.3405262183997513,13.780741335573111,0.07422408897282219,2629.4833509282616,0.01104736328125,0.009619325024432968
101,RANDOM,480,79.68940729601309,0.34337042082871155,14.30603111318851,0.07705333844792801,2628.958060986508,0.011474609375,0.009655070709726488
101,RANDOM,510,80.12422806071118,0.3452440021995058,14.221056791167939,0.07659566048384207,2629.043023200531,0.01165771484375,0.009670150703300351
101,RANDOM,540,78.60770438465988,0.33870951549027295,13.98298982749111,0.0753134142633267,2629.281089290147,0.00885009765625,0.00928063169743254
101,RANDOM,570,63.31551917211618,0.27281764541628845,12.881761020345948,0.06938211470762119,2630.3823171840195,0.0074462890625,0.006710442367239722
101,RANDOM,600,0,0.0,0,0.0,2643.264078333974,0,0.003864472605719982
101,RANDOM,630,0,0.0,0,0.0,2643.264078333974,0,0
101,RANDOM,660,0,0.0,0,0.0,2643.264078333974,0,0
101,RANDOM,690,0,0.0,0,0.0,2643.264078333974,0,0
101,RANDOM,720,0,0.0,0,0.0,2643.264078333974,0,0
101,RANDOM,750,0,0.0,0,0.0,2643.264078333974,0,0
101,RANDOM,780,0,0.0,0,0.0,2643.264078333974,0,0
101,RANDOM,810,0,0.0,0,0.0,2643.264078333974,0,0
101,RANDOM,840,0,0.0,0,0.0,2643.264078333974,0,0
101,RANDOM,870,0,0.0,0,0.0,2643.264078333974,0,0
101,RANDOM,900,0,0.0,0,0.0,2643.264078333974,0,0
101,RANDOM,930,0,0.0,0,0.0,2643.264078333974,0,0
101,RANDOM,960,0,0.0,0,0.0,2643.264078333974,0,0
101,RANDOM,990,0,0.0,0,0.0,2643.264078333974,0,0
101,RANDOM,1020,0,0.0,0,0.0,2643.264078333974,0,0
101,RANDOM,1050,0,0.0,0,0.0,2643.264078333974,0,0
101,RANDOM,1080,0,0.0,0,0.0,2643.264078333974,0,0
101,RANDOM,1110,0,0.0,0,0.0,2643.264078333974,0,0
101,RANDOM,1140,0,0.0,0,0.0,2643.264078333974,0,0
101,RANDOM,1170,0,0.0,0,0.0,2643.264078333974,0,0
101,RANDOM,1200,0,0.0,0,0.0,2643.264078333974,0,0
101,RANDOM,1230,0,0.0,0,0.0,2643.264078333974,0,0
101,RANDOM,1260,0,0.0,0,0.0,2643.264078333974,0,0
101,RANDOM,1290,0,0.0,0,0.0,2643.264078333974,0,0
101,RANDOM,1320,0,0.0,0,0.0,2643.264078333974,0,0
101,RANDOM,1350,0,0.0,0,0.0,2643.264078333974,0,0
101,RANDOM,1380,0,0.0,0,0.0,2643.264078333974,0,0
101,RANDOM,1410,0,0.0,0,0.0,2643.264078333974,0,0
101,RANDOM,1440,0,0.0,0,0.0,2643.264078333974,0,0
101,RANDOM,1470,0,0.0,0,0.0,2643.264078333974,0,0
101,RANDOM,1500,0,0.0,0,0.0,2643.264078333974,0,0
101,RANDOM,1530,0,0.0,0,0.0,2643.264078333974,0,0
101,RANDOM,1560,0,0.0,0,0.0,2643.264078333974,0,0
101,RANDOM,1590,0,0.0,0,0.0,2643.264078333974,0,0
101,RANDOM,1620,0,0.0,0,0.0,2643.264078333974,0,0
101,RANDOM,1650,0,0.0,0,0.0,2643.264078333974,0,0
101,RANDOM,1680,0,0.0,0,0.0,2643.264078333974,0,0
101,RANDOM,1710,0,0.0,0,0.0,2643.264078333974,0,0
101,RANDOM,1740,0,0.0,0,0.0,2643.264078333974,0,0
101,RANDOM,1770,0,0.0,0,0.0,2643.264078333974,0,0
101,RANDOM,1800,0,0.0,0,0.0,2643.264078333974,0,0
101,Q_LEARNING,0,232.08000008761883,1.0,185.66400108486414,1.0,2457.60009765625,0.03167724609375,0
101,Q_LEARNING,30,244.522713462502,1.0536138976653981,39.818429956941145,0.2144649998075866,2603.4456722812756,0.033447265625,0.028589717639002643
101,Q_LEARNING,60,235.94101046134892,1.0166365493462273,40.12562276439894,0.21611956291978293,2603.1384782581154,0.0302734375,0.02846765707222776
101,Q_LEARNING,90,156.0885791569017,0.6725636810495194,25.95513097345247,0.13979624925560438,2617.308969130958,0.02264404296875,0.02377020532122298
101,Q_LEARNING,120,153.06404092774028,0.6595313722421273,24.694289905539335,0.13300526629420184,2618.569810213783,0.02203369140625,0.018749632467180533
101,Q_LEARNING,150,155.4358514212072,0.6697511692628593,25.277319833330694,0.13614550847569434,2617.986779842846,0.02197265625,0.018542602581792522
101,Q_LEARNING,180,161.24992431663122,0.6948031896576757,26.415620973268233,0.14227648234939233,2616.848477801759,0.02276611328125,0.019155624255609016
101,Q_LEARNING,210,159.17822537156462,0.6858765309870257,26.69471122572577,0.1437796830281818,2616.5693858619925,0.021728515625,0.019320727776724222
101,Q_LEARNING,240,78.78313644346781,0.33946542749795006,12.88708219727414,0.06941077495891976,2630.3770144114096,0.01104736328125,0.014424081341121386
101,Q_LEARNING,270,79.4268934110878,0.3422392855097432,12.85826212808388,0.06925554794117879,2630.405833492463,0.01092529296875,0.009581074048305993
101,Q_LEARNING,300,77.49322594306432,0.33390738501295997,15.99552034206863,0.08615305201118297,2627.2685747571086,0.01080322265625,0.009426005717195096
101,Q_LEARNING,330,73.8758433572948,0.3183205934565836,11.913067439445058,0.06416465965311056,2631.3510273819847,0.01019287109375,0.009128069101237202
101,Q_LEARNING,360,72.16989376721904,0.3109698971905042,11.317713343116338,0.060958038591138554,2631.9463660255424,0.0091552734375,0.008506477555187075
101,Q_LEARNING,390,75.77131953386561,0.32648793306299173,11.520730117528728,0.06205150190780808,2631.743348732387,0.010009765625,0.008682045646291936
101,Q_LEARNING,420,80.84735651686788,0.34835986076501635,13.176869249671654,0.07097158939092728,2630.0872097954853,0.0113525390625,0.009434027221981278
101,Q_LEARNING,450,81.1021692733193,0.3494578130071537,13.490898939402541,0.07266297645517215,2629.773180214979,0.01123046875,0.009829092172247478
101,Q_LEARNING,480,77.33573781885207,0.3332287908895853,13.074040292320205,0.07041774504441636,2630.1900383394095,0.010498046875,0.00958213209900638
101,Q_LEARNING,510,52.25357816088945,0.22515330119425103,10.291380847455002,0.05543013609165393,2632.9726971942873,0.00665283203125,0.006003311667257094
101,Q_LEARNING,540,0,0.0,0,0.0,2643.2640781998634,0,0.003189305307671475
101,Q_LEARNING,570,0,0.0,0,0.0,2643.2640781998634,0,0
101,Q_LEARNING,600,0,0.0,0,0.0,2643.2640781998634,0,0
101,Q_LEARNING,630,0,0.0,0,0.0,2643.2640781998634,0,0
101,Q_LEARNING,660,0,0.0,0,0.0,2643.2640781998634,0,0
101,Q_LEARNING,690,0,0.0,0,0.0,2643.2640781998634,0,0
101,Q_LEARNING,720,0,0.0,0,0.0,2643.2640781998634,0,0
101,Q_LEARNING,750,0,0.0,0,0.0,2643.2640781998634,0,0
101,Q_LEARNING,780,0,0.0,0,0.0,2643.2640781998634,0,0
101,Q_LEARNING,810,0,0.0,0,0.0,2643.2640781998634,0,0
101,Q_LEARNING,840,0,0.0,0,0.0,2643.2640781998634,0,0
101,Q_LEARNING,870,0,0.0,0,0.0,2643.2640781998634,0,0
101,Q_LEARNING,900,0,0.0,0,0.0,2643.2640781998634,0,0
101,Q_LEARNING,930,0,0.0,0,0.0,2643.2640781998634,0,0
101,Q_LEARNING,960,0,0.0,0,0.0,2643.2640781998634,0,0
101,Q_LEARNING,990,0,0.0,0,0.0,2643.2640781998634,0,0
101,Q_LEARNING,1020,0,0.0,0,0.0,2643.2640781998634,0,0
101,Q_LEARNING,1050,0,0.0,0,0.0,2643.2640781998634,0,0
101,Q_LEARNING,1080,0,0.0,0,0.0,2643.2640781998634,0,0
101,Q_LEARNING,1110,0,0.0,0,0.0,2643.2640781998634,0,0
101,Q_LEARNING,1140,0,0.0,0,0.0,2643.2640781998634,0,0
101,Q_LEARNING,1170,0,0.0,0,0.0,2643.2640781998634,0,0
101,Q_LEARNING,1200,0,0.0,0,0.0,2643.2640781998634,0,0
101,Q_LEARNING,1230,0,0.0,0,0.0,2643.2640781998634,0,0
101,Q_LEARNING,1260,0,0.0,0,0.0,2643.2640781998634,0,0
101,Q_LEARNING,1290,0,0.0,0,0.0,2643.2640781998634,0,0
101,Q_LEARNING,1320,0,0.0,0,0.0,2643.2640781998634,0,0
101,Q_LEARNING,1350,0,0.0,0,0.0,2643.2640781998634,0,0
101,Q_LEARNING,1380,0,0.0,0,0.0,2643.2640781998634,0,0
101,Q_LEARNING,1410,0,0.0,0,0.0,2643.2640781998634,0,0
101,Q_LEARNING,1440,0,0.0,0,0.0,2643.2640781998634,0,0
101,Q_LEARNING,1470,0,0.0,0,0.0,2643.2640781998634,0,0
101,Q_LEARNING,1500,0,0.0,0,0.0,2643.2640781998634,0,0
101,Q_LEARNING,1530,0,0.0,0,0.0,2643.2640781998634,0,0
101,Q_LEARNING,1560,0,0.0,0,0.0,2643.2640781998634,0,0
101,Q_LEARNING,1590,0,0.0,0,0.0,2643.2640781998634,0,0
101,Q_LEARNING,1620,0,0.0,0,0.0,2643.2640781998634,0,0
101,Q_LEARNING,1650,0,0.0,0,0.0,2643.2640781998634,0,0
101,Q_LEARNING,1680,0,0.0,0,0.0,2643.2640781998634,0,0
101,Q_LEARNING,1710,0,0.0,0,0.0,2643.2640781998634,0,0
101,Q_LEARNING,1740,0,0.0,0,0.0,2643.2640781998634,0,0
101,Q_LEARNING,1770,0,0.0,0,0.0,2643.2640781998634,0,0
101,Q_LEARNING,1800,0,0.0,0,0.0,2643.2640781998634,0,0
102,RANDOM,0,232.08000008761883,1.0,185.66400108486414,1.0,2457.60009765625,0.03167724609375,0
102,RANDOM,30,229.69263696015696,0.9897131888721107,36.3226969168536,0.19563672389162323,2606.9412265382125,0.0321044921875,0.02773857742368868
102,RANDOM,60,217.87447928189067,0.9387904136488925,37.13460702769953,0.20000973161580138,2606.1293156213796,0.03033447265625,0.025501999561091893
102,RANDOM,90,129.49642454949208,0.5579818360074215,22.357334442419415,0.12041825185163506,2620.9065882236173,0.01708984375,0.020603809730342704
102,RANDOM,120,77.09047636389732,0.3321719938589831,12.459389960335102,0.06710719303436807,2630.804531912363,0.010986328125,0.012349729790670949
102,RANDOM,150,73.70366377413302,0.3175786959079074,12.29462422139477,0.06621975261523685,2630.9692980951804,0.01031494140625,0.009003869578766643
102,RANDOM,180,75.42426647129469,0.3249925303465151,11.84947311427095,0.06382213592851928,2631.414449253978,0.01019287109375,0.008864375684173087
102,RANDOM,210,77.50923042115755,0.33397634605263243,13.385981685052684,0.07209788438704474,2629.877940332037,0.010009765625,0.009167375836284464
102,RANDOM,240,75.35192192858085,0.32468080791163695,15.553464981989237,0.08377210924631527,2627.71045669647,0.01019287109375,0.009081037779751
102,RANDOM,270,77.54088688944466,0.33411274931131546,13.167266293457942,0.07091986716067478,2630.096653926812,0.01080322265625,0.009111203538409995
102,RANDOM,300,78.23921371414326,0.33712174114359295,13.551168663980206,0.0729875936358076,2629.7127513052546,0.01080322265625,0.009384364498686182
102,RANDOM,330,77.19234413979575,0.332610927743247,13.340049894264666,0.07185049237502501,2629.923869260252,0.01080322265625,0.00937085586799924
102,RANDOM,360,80.635239839321,0.3474458799072656,14.057442511177214,0.07571442190751763,2629.2064761045913,0.01123046875,0.009386694527236727
102,RANDOM,390,74.31594596104696,0.3202169335271886,12.291341690189483,0.06620207266012382,2630.972577058099,0.0101318359375,0.009291410596645733
102,RANDOM,420,77.09336863140925,0.33218445623191845,13.190248302271357,0.0710436499547497,2630.073670165453,0.01080322265625,0.009108449900265825
102,RANDOM,450,74.12586677480795,0.31939790911247273,12.673916896808805,0.06826265093261538,2630.5900011416816,0.010009765625,0.009073997030539571
102,RANDOM,480,82.1053975711111,0.35378058229969517,14.286005562666105,0.07694547935620645,2628.977911546506,0.01141357421875,0.009401082518656567
102,RANDOM,510,78.43178673228249,0.3379515111283677,14.174001336825313,0.07634221633706255,2629.0899155455845,0.0115966796875,0.009743205752371864
102,RANDOM,540,79.71499203900748,0.3434806618791456,14.284664358267037,0.07693825553041776,2628.979252631645,0.01165771484375,0.009575180547471085
102,RANDOM,570,80.41239434653835,0.34648567009729264,9.192578457936179,0.04951190540019868,2634.0713378067594,0.0113525390625,0.009722911304969273
102,RANDOM,600,79.38920831831638,0.3420769057581179,9.260526363574172,0.04987787783018491,2634.0033901103307,0.01116943359375,0.00969356890240558
102,RANDOM,630,80.87589726573788,0.3484828388280085,9.218614011027967,0.04965213480891366,2634.045282015344,0.01116943359375,0.009673215607641339
102,RANDOM,660,79.52420492563397,0.34265858710621605,9.52346240865154,0.05129407075687501,2633.740407749603,0.01080322265625,0.009737476225851083
102,RANDOM,690,79.1976762827253,0.3412516212203776,9.108885877825742,0.049061130992551494,2634.154983183602,0.01165771484375,0.009464829689612486
102,RANDOM,720,80.41156452533323,0.34648209451471423,9.12917958280741,0.04917043438396334,2634.134688362945,0.01129150390625,0.00966649155409982
102,RANDOM,750,82.45391612377716,0.35528229960637603,9.444818210387893,0.0508704873061031,2633.819049498765,0.01153564453125,0.00984770631707832
102,RANDOM,780,81.13779528951272,0.3496113204881084,9.399025851533224,0.050623846284757565,2633.8648406891734,0.0111083984375,0.00991070133788341
102,RANDOM,810,78.12637526448816,0.3366355361728393,9.348856556105602,0.05035363076029146,2633.914857703261,0.01141357421875,0.009580423702374219
102,RANDOM,840,81.19003126534517,0.3498363979433511,10.518586112310004,0.0566538804014146,2632.7450701717753,0.00982666015625,0.00920768453383225
102,RANDOM,870,65.54645104147494,0.2824304163078624,9.171518839644705,0.04939847674322469,2634.092136656953,0.0078125,0.006593069116801686
102,RANDOM,900,0,0.0,0,0.0,2643.2636556327343,0,0.004000637880949398
102,RANDOM,930,0,0.0,0,0.0,2643.2636556327343,0,0
102,RANDOM,960,0,0.0,0,0.0,2643.2636556327343,0,0
102,RANDOM,990,0,0.0,0,0.0,2643.2636556327343,0,0
102,RANDOM,1020,0,0.0,0,0.0,2643.2636556327343,0,0
102,RANDOM,1050,0,0.0,0,0.0,2643.2636556327343,0,0
102,RANDOM,1080,0,0.0,0,0.0,2643.2636556327343,0,0
102,RANDOM,1110,0,0.0,0,0.0,2643.2636556327343,0,0
102,RANDOM,1140,0,0.0,0,0.0,2643.2636556327343,0,0
102,RANDOM,1170,0,0.0,0,0.0,2643.2636556327343,0,0
102,RANDOM,1200,0,0.0,0,0.0,2643.2636556327343,0,0
102,RANDOM,1230,0,0.0,0,0.0,2643.2636556327343,0,0
102,RANDOM,1260,0,0.0,0,0.0,2643.2636556327343,0,0
102,RANDOM,1290,0,0.0,0,0.0,2643.2636556327343,0,0
102,RANDOM,1320,0,0.0,0,0.0,2643.2636556327343,0,0
102,RANDOM,1350,0,0.0,0,0.0,2643.2636556327343,0,0
102,RANDOM,1380,0,0.0,0,0.0,2643.2636556327343,0,0
102,RANDOM,1410,0,0.0,0,0.0,2643.2636556327343,0,0
102,RANDOM,1440,0,0.0,0,0.0,2643.2636556327343,0,0
102,RANDOM,1470,0,0.0,0,0.0,2643.2636556327343,0,0
102,RANDOM,1500,0,0.0,0,0.0,2643.2636556327343,0,0
102,RANDOM,1530,0,0.0,0,0.0,2643.2636556327343,0,0
102,RANDOM,1560,0,0.0,0,0.0,2643.2636556327343,0,0
102,RANDOM,1590,0,0.0,0,0.0,2643.2636556327343,0,0
102,RANDOM,1620,0,0.0,0,0.0,2643.2636556327343,0,0
102,RANDOM,1650,0,0.0,0,0.0,2643.2636556327343,0,0
102,RANDOM,1680,0,0.0,0,0.0,2643.2636556327343,0,0
102,RANDOM,1710,0,0.0,0,0.0,2643.2636556327343,0,0
102,RANDOM,1740,0,0.0,0,0.0,2643.2636556327343,0,0
102,RANDOM,1770,0,0.0,0,0.0,2643.2636556327343,0,0
102,RANDOM,1800,0,0.0,0,0.0,2643.2636556327343,0,0
102,Q_LEARNING,0,232.08000008761883,1.0,185.66400108486414,1.0,2457.60009765625,0.03167724609375,0
102,Q_LEARNING,30,229.69263696015696,0.9897131888721107,36.3226969168536,0.19563672389162323,2606.9412265382125,0.0321044921875,0.02773857742368868
102,Q_LEARNING,60,217.87447928189067,0.9387904136488925,37.13460702769953,0.20000973161580138,2606.1293156213796,0.03033447265625,0.025501999561091893
102,Q_LEARNING,90,129.49642454949208,0.5579818360074215,22.357334442419415,0.12041825185163506,2620.9065882236173,0.01708984375,0.020603809730342704
102,Q_LEARNING,120,77.09047636389732,0.3321719938589831,12.459389960335102,0.06710719303436807,2630.804531912363,0.010986328125,0.012349729790670949
102,Q_LEARNING,150,73.70366377413302,0.3175786959079074,12.29462422139477,0.06621975261523685,2630.9692980951804,0.01031494140625,0.009003869578766643
102,Q_LEARNING,180,75.42426647129469,0.3249925303465151,11.84947311427095,0.06382213592851928,2631.414449253978,0.01019287109375,0.008864375684173087
102,Q_LEARNING,210,75.35507643036544,0.32469440021508145,11.898609046824276,0.06408678568434818,2631.365312954862,0.01043701171875,0.009023920486399106
102,Q_LEARNING,240,76.73434881152934,0.33063749044536056,16.375238122651353,0.08819823997634568,2626.8886831771524,0.01055908203125,0.009079897758359934
102,Q_LEARNING,270,77.22562646307051,0.3327543365818466,12.67202226444897,0.06825244630302234,2630.591898483457,0.01092529296875,0.009169102698090015
102,Q_LEARNING,300,75.64491205615923,0.3259432610634284,11.636118711678591,0.06267299338421507,2631.627801990602,0.00970458984375,0.00910809177062788
102,Q_LEARNING,330,76.21048010094091,0.32838021403037154,11.983228405826594,0.06454255179144419,2631.280691943437,0.0101318359375,0.009185223675785892
102,Q_LEARNING,360,73.98820866062306,0.31880475970652256,13.714504406612832,0.07386733198938304,2629.5494155670895,0.01129150390625,0.008939897179075729
102,Q_LEARNING,390,77.86487930067233,0.3355087869324174,15.902382766566006,0.08565140616191544,2627.361536379205,0.01080322265625,0.00893259891822673
102,Q_LEARNING,420,76.52308319380973,0.32972717668441665,15.075373210582256,0.08119707171284937,2628.1885449631664,0.01068115234375,0.009262349196687225
102,Q_LEARNING,450,76.60325466684299,0.33007262425854195,22.218726992432494,0.11967170190561958,2621.0451907059614,0.010009765625,0.009213201545488658
102,Q_LEARNING,480,75.72402318008244,0.3262841397427344,16.310107225275715,0.08784744016057597,2626.9538093090086,0.0106201171875,0.009064597292859133
102,Q_LEARNING,510,76.79922720929608,0.3309170423142947,15.650739021683876,0.08429603439672813,2627.6131765986356,0.01080322265625,0.009175288718324737
102,Q_LEARNING,540,75.02981903706677,0.32329291196458215,14.797588750094292,0.07970090412589215,2628.4663261587775,0.010498046875,0.009004955595443676
102,Q_LEARNING,570,77.16767886211164,0.3325046485392019,15.079216978803743,0.08121777453191513,2628.1846974914224,0.0107421875,0.009110252757210446
102,Q_LEARNING,600,75.00836231124413,0.3232004579581424,15.217445989866974,0.08196228617798296,2628.046468189583,0.010498046875,0.009163009176414327
102,Q_LEARNING,630,77.0402396665886,0.3319555310130259,14.959666933631524,0.08057386917345216,2628.3042472448724,0.0106201171875,0.009146504409518919
102,Q_LEARNING,660,76.50033890875056,0.32962917476675646,16.335591640789062,0.08798470110165468,2626.9283225368345,0.01068115234375,0.009209329026447222
102,Q_LEARNING,690,76.32350473836414,0.32886722125796786,17.475519314604753,0.09412443560675483,2625.788394975083,0.01080322265625,0.009182318532245048
102,Q_LEARNING,720,74.79095623129979,0.3222636858112005,14.79321129834625,0.07967732684800055,2628.4707021920767,0.0103759765625,0.009070766205971026
102,Q_LEARNING,750,76.29352871328592,0.32873805879215046,15.125253430592238,0.08146573025580074,2628.138659922115,0.01068115234375,0.008933460713450359
102,Q_LEARNING,780,77.4169222577475,0.33357860319079513,15.285666535346536,0.08232972706625931,2627.9782468172925,0.0108642578125,0.009180740343623484
102,Q_LEARNING,810,75.24841728428146,0.32423482099221124,15.153310008638073,0.0816168450539409,2628.1106024315814,0.0103759765625,0.009176064274324602
102,Q_LEARNING,840,77.81277427403256,0.33528427371878383,15.418135367523064,0.08304321396410967,2627.8457772119873,0.01104736328125,0.009159189113599808
102,Q_LEARNING,870,78.83467612115237,0.3396875047026428,25.30740081348631,0.1363075268528695,2617.9565102815104,0.010986328125,0.009316771531716506
102,Q_LEARNING,900,76.40476100066735,0.3292173430361156,15.718246544536669,0.08465963489256112,2627.545663574565,0.01104736328125,0.009418108933523128
102,Q_LEARNING,930,78.55646617570892,0.3384887372718499,12.80240088219034,0.0689546751518005,2630.4615087328566,0.01104736328125,0.009329971540730675
102,Q_LEARNING,960,80.05928142060293,0.34496415628394334,13.142513532511657,0.07078654696504369,2630.121395202281,0.01116943359375,0.009633061140402077
102,Q_LEARNING,990,78.11250974726863,0.3365757916140049,12.797692111344077,0.06892931336481567,2630.466216554836,0.01092529296875,0.009615099401340643
102,Q_LEARNING,1020,72.94111328572035,0.3142929733634194,12.161395079339854,0.06550217063231913,2631.10247982663,0.01092529296875,0.0091446001652713
102,Q_LEARNING,1050,73.59062266320689,0.31709161769830957,12.466992574045435,0.06714814127239974,2630.7968818177033,0.010009765625,0.008264033123449366
102,Q_LEARNING,1080,0,0.0,0,0.0,2643.2638739794493,0,0.0044916151527836234
102,Q_LEARNING,1110,0,0.0,0,0.0,2643.2638739794493,0,0
102,Q_LEARNING,1140,0,0.0,0,0.0,2643.2638739794493,0,0
102,Q_LEARNING,1170,0,0.0,0,0.0,2643.2638739794493,0,0
102,Q_LEARNING,1200,0,0.0,0,0.0,2643.2638739794493,0,0
102,Q_LEARNING,1230,0,0.0,0,0.0,2643.2638739794493,0,0
102,Q_LEARNING,1260,0,0.0,0,0.0,2643.2638739794493,0,0
102,Q_LEARNING,1290,0,0.0,0,0.0,2643.2638739794493,0,0
102,Q_LEARNING,1320,0,0.0,0,0.0,2643.2638739794493,0,0
102,Q_LEARNING,1350,0,0.0,0,0.0,2643.2638739794493,0,0
102,Q_LEARNING,1380,0,0.0,0,0.0,2643.2638739794493,0,0
102,Q_LEARNING,1410,0,0.0,0,0.0,2643.2638739794493,0,0
102,Q_LEARNING,1440,0,0.0,0,0.0,2643.2638739794493,0,0
102,Q_LEARNING,1470,0,0.0,0,0.0,2643.2638739794493,0,0
102,Q_LEARNING,1500,0,0.0,0,0.0,2643.2638739794493,0,0
102,Q_LEARNING,1530,0,0.0,0,0.0,2643.2638739794493,0,0
102,Q_LEARNING,1560,0,0.0,0,0.0,2643.2638739794493,0,0
102,Q_LEARNING,1590,0,0.0,0,0.0,2643.2638739794493,0,0
102,Q_LEARNING,1620,0,0.0,0,0.0,2643.2638739794493,0,0
102,Q_LEARNING,1650,0,0.0,0,0.0,2643.2638739794493,0,0
102,Q_LEARNING,1680,0,0.0,0,0.0,2643.2638739794493,0,0
102,Q_LEARNING,1710,0,0.0,0,0.0,2643.2638739794493,0,0
102,Q_LEARNING,1740,0,0.0,0,0.0,2643.2638739794493,0,0
102,Q_LEARNING,1770,0,0.0,0,0.0,2643.2638739794493,0,0
102,Q_LEARNING,1800,0,0.0,0,0.0,2643.2638739794493,0,0
102,FIXED,0,232.08000008761883,1.0,185.66400108486414,1.0,2457.60009765625,0.03167724609375,0
102,FIXED,30,229.69263696015696,0.9897131888721107,36.3226969168536,0.19563672389162323,2606.9412265382125,0.0321044921875,0.02773857742368868
102,FIXED,60,217.87447928189067,0.9387904136488925,37.13460702769953,0.20000973161580138,2606.1293156213796,0.03033447265625,0.025501999561091893
102,FIXED,90,129.49642454949208,0.5579818360074215,22.357334442419415,0.12041825185163506,2620.9065882236173,0.01708984375,0.020603809730342704
102,FIXED,120,77.09047636389732,0.3321719938589831,12.459389960335102,0.06710719303436807,2630.804531912363,0.010986328125,0.012349729790670949
102,FIXED,150,73.70366377413302,0.3175786959079074,12.29462422139477,0.06621975261523685,2630.9692980951804,0.01031494140625,0.009003869578766643
102,FIXED,180,75.42426647129469,0.3249925303465151,11.84947311427095,0.06382213592851928,2631.414449253978,0.01019287109375,0.008864375684173087
102,FIXED,210,75.35507643036544,0.32469440021508145,11.898609046824276,0.06408678568434818,2631.365312954862,0.01043701171875,0.009023920486399106
102,FIXED,240,76.73434881152934,0.33063749044536056,16.375238122651353,0.08819823997634568,2626.8886831771524,0.01055908203125,0.009079897758359934
102,FIXED,270,77.22562646307051,0.3327543365818466,12.67202226444897,0.06825244630302234,2630.591898483457,0.01092529296875,0.009169102698090015
102,FIXED,300,75.64491205615923,0.3259432610634284,11.636118711678591,0.06267299338421507,2631.627801990602,0.00970458984375,0.00910809177062788
102,FIXED,330,76.21048010094091,0.32838021403037154,11.983228405826594,0.06454255179144419,2631.280691943437,0.0101318359375,0.009185223675785892
102,FIXED,360,73.98820866062306,0.31880475970652256,13.714504406612832,0.07386733198938304,2629.5494155670895,0.01129150390625,0.008939897179075729
102,FIXED,390,77.54559091944247,0.33413301831336667,12.89139884463657,0.06943402473990697,2630.3725217670435,0.0106201171875,0.008883803477075958
102,FIXED,420,75.45131366967689,0.3251090729110273,12.488945305267407,0.06726638030147214,2630.774974836706,0.010986328125,0.009146357271667682
102,FIXED,450,77.0021831424674,0.3317915508160816,15.278136609136709,0.08228917032846507,2627.985783612472,0.0107421875,0.009096786128239387
102,FIXED,480,76.24110859213397,0.3285121878806882,12.603541314536415,0.06788360285726866,2630.6603775626863,0.0103759765625,0.009201428690680302
102,FIXED,510,75.26387954573147,0.32430144569681385,12.258756043491303,0.06602656396426583,2631.0051622837636,0.010986328125,0.009076356173963518
102,FIXED,540,76.65691264811903,0.3303038289347561,12.503458733139269,0.06734455069415493,2630.760459415076,0.01043701171875,0.009039806812879192
102,FIXED,570,78.6262842475553,0.338789573499961,12.686662438267376,0.06833129935871897,2630.5772546294174,0.010498046875,0.009299185314109337
102,FIXED,600,76.67455605231225,0.3303798518759254,12.506205227793544,0.06735934351687892,2630.7577114270243,0.01055908203125,0.009353682983732625
102,FIXED,630,77.40321423881687,0.33351953726988226,12.47186715047792,0.06717439610049782,2630.792049407901,0.0107421875,0.00929320075353246
102,FIXED,660,78.2808180381544,0.33730100831006754,12.781427674577571,0.0688417119091136,2630.4824883285182,0.01129150390625,0.009437598820383641
102,FIXED,690,80.14120946923504,0.3453171726946689,13.21665010259494,0.07118585199806081,2630.0472664983245,0.011474609375,0.009613902675173591
102,FIXED,720,79.72583138477057,0.3435273670918266,12.76458767913391,0.06875101045193686,2630.4993281932984,0.0103759765625,0.009645895042186936
102,FIXED,750,74.67347076535225,0.32175745750241397,11.805045196462743,0.06358284388725868,2631.458870685863,0.0107421875,0.008465024037548119
102,FIXED,780,0,0.0,0,0.0,2643.2639159560204,0,0.004557706955893082
102,FIXED,810,0,0.0,0,0.0,2643.2639159560204,0,0
102,FIXED,840,0,0.0,0,0.0,2643.2639159560204,0,0
102,FIXED,870,0,0.0,0,0.0,2643.2639159560204,0,0
102,FIXED,900,0,0.0,0,0.0,2643.2639159560204,0,0
102,FIXED,930,0,0.0,0,0.0,2643.2639159560204,0,0
102,FIXED,960,0,0.0,0,0.0,2643.2639159560204,0,0
102,FIXED,990,0,0.0,0,0.0,2643.2639159560204,0,0
102,FIXED,1020,0,0.0,0,0.0,2643.2639159560204,0,0
102,FIXED,1050,0,0.0,0,0.0,2643.2639159560204,0,0
102,FIXED,1080,0,0.0,0,0.0,2643.2639159560204,0,0
102,FIXED,1110,0,0.0,0,0.0,2643.2639159560204,0,0
102,FIXED,1140,0,0.0,0,0.0,2643.2639159560204,0,0
102,FIXED,1170,0,0.0,0,0.0,2643.2639159560204,0,0
102,FIXED,1200,0,0.0,0,0.0,2643.2639159560204,0,0
102,FIXED,1230,0,0.0,0,0.0,2643.2639159560204,0,0
102,FIXED,1260,0,0.0,0,0.0,2643.2639159560204,0,0
102,FIXED,1290,0,0.0,0,0.0,2643.2639159560204,0,0
102,FIXED,1320,0,0.0,0,0.0,2643.2639159560204,0,0
102,FIXED,1350,0,0.0,0,0.0,2643.2639159560204,0,0
102,FIXED,1380,0,0.0,0,0.0,2643.2639159560204,0,0
102,FIXED,1410,0,0.0,0,0.0,2643.2639159560204,0,0
102,FIXED,1440,0,0.0,0,0.0,2643.2639159560204,0,0
102,FIXED,1470,0,0.0,0,0.0,2643.2639159560204,0,0
102,FIXED,1500,0,0.0,0,0.0,2643.2639159560204,0,0
102,FIXED,1530,0,0.0,0,0.0,2643.2639159560204,0,0
102,FIXED,1560,0,0.0,0,0.0,2643.2639159560204,0,0
102,FIXED,1590,0,0.0,0,0.0,2643.2639159560204,0,0
102,FIXED,1620,0,0.0,0,0.0,2643.2639159560204,0,0
102,FIXED,1650,0,0.0,0,0.0,2643.2639159560204,0,0
102,FIXED,1680,0,0.0,0,0.0,2643.2639159560204,0,0
102,FIXED,1710,0,0.0,0,0.0,2643.2639159560204,0,0
102,FIXED,1740,0,0.0,0,0.0,2643.2639159560204,0,0
102,FIXED,1770,0,0.0,0,0.0,2643.2639159560204,0,0
102,FIXED,1800,0,0.0,0,0.0,2643.2639159560204,0,0
103,Q_LEARNING,0,232.08000008761883,1.0,185.66400108486414,1.0,2457.60009765625,0.03167724609375,0
103,Q_LEARNING,30,220.8057575750281,0.9514208785404418,38.59662348531856,0.20788426006006755,2604.6674598225654,0.0291748046875,0.026289578495454435
103,Q_LEARNING,60,225.49580230518768,0.9716296200450475,36.33171864936594,0.1956853156081629,2606.9323633309978,0.02996826171875,0.02598172890254613
103,Q_LEARNING,90,222.07274567062268,0.9568801516148826,36.92366177742224,0.19887356494350786,2606.34041753973,0.030029296875,0.026009760187631237
103,Q_LEARNING,120,204.95853087934665,0.8831374129695243,35.695739612820034,0.19225988562265264,2607.5682281546033,0.02947998046875,0.023900292728445294
103,Q_LEARNING,150,147.25210034043994,0.634488539662387,23.154930208089354,0.12471416145720997,2620.109037439397,0.0211181640625,0.020814213844367657
103,Q_LEARNING,180,149.59446387272328,0.6445814538790323,24.023080215149093,0.12939008140931163,2619.2408870846557,0.01983642578125,0.017282917117391605
103,Q_LEARNING,210,147.27225809899392,0.6345753966020043,23.344338245296967,0.12573432711183807,2619.9196275364666,0.0203857421875,0.01717638084413764
103,Q_LEARNING,240,147.60280201758724,0.6359996637446643,23.771259295011987,0.12803375536513678,2619.4927051384875,0.02081298828125,0.017396336475581364
103,Q_LEARNING,270,155.25374424777692,0.6689664951273822,25.05456203308495,0.13494571853825824,2618.209402540073,0.02154541015625,0.017984915927701906
103,Q_LEARNING,300,153.97206637033378,0.6634439258540313,24.778667320482782,0.13345972927275673,2618.485296384213,0.0216064453125,0.018611322203559766
103,Q_LEARNING,330,154.00999264745042,0.6636073448349962,25.507588879321702,0.1373857545365651,2617.7563734729483,0.02288818359375,0.01854057569595291
103,Q_LEARNING,360,86.61543899483513,0.37321371493508526,15.314757194544654,0.08248641150173489,2627.9492042960774,0.01287841796875,0.014355617754340244
103,Q_LEARNING,390,76.66996950749308,0.330360089100945,14.884571985305001,0.08016940224454978,2628.379389883885,0.010498046875,0.009173562171092442
103,Q_LEARNING,420,79.27478639082983,0.34158387780463917,15.382895263224782,0.08285340816388793,2627.8810661580646,0.01068115234375,0.00942298112246931
103,Q_LEARNING,450,74.65212671505287,0.3216654889989181,15.923220787604805,0.08576364127974678,2627.3407400521246,0.010986328125,0.009245710973914356
103,Q_LEARNING,480,75.6738508915223,0.32606795442499403,14.110344464177615,0.07599935572716648,2629.1536162264238,0.0101318359375,0.008903545133641
103,Q_LEARNING,510,80.17151620145887,0.34544776013095113,16.25508409509439,0.08755108152422311,2627.0088762692467,0.01129150390625,0.009429629413623797
103,Q_LEARNING,540,77.8689785702154,0.3355264501069328,16.265888417634415,0.08760927440209332,2626.998071153095,0.0115966796875,0.009614322890399762
103,Q_LEARNING,570,77.82578597479733,0.3353403393028921,12.480211149962997,0.06721933749697921,2630.783633730287,0.01025390625,0.009121356449657725
103,Q_LEARNING,600,0,0.0,0,0.0,2643.2638452351093,0,0.004750109007250813
103,Q_LEARNING,630,0,0.0,0,0.0,2643.2638452351093,0,0
103,Q_LEARNING,660,0,0.0,0,0.0,2643.2638452351093,0,0
103,Q_LEARNING,690,0,0.0,0,0.0,2643.2638452351093,0,0
103,Q_LEARNING,720,0,0.0,0,0.0,2643.2638452351093,0,0
103,Q_LEARNING,750,0,0.0,0,0.0,2643.2638452351093,0,0
103,Q_LEARNING,780,0,0.0,0,0.0,2643.2638452351093,0,0
103,Q_LEARNING,810,0,0.0,0,0.0,2643.2638452351093,0,0
103,Q_LEARNING,840,0,0.0,0,0.0,2643.2638452351093,0,0
103,Q_LEARNING,870,0,0.0,0,0.0,2643.2638452351093,0,0
103,Q_LEARNING,900,0,0.0,0,0.0,2643.2638452351093,0,0
103,Q_LEARNING,930,0,0.0,0,0.0,2643.2638452351093,0,0
103,Q_LEARNING,960,0,0.0,0,0.0,2643.2638452351093,0,0
103,Q_LEARNING,990,0,0.0,0,0.0,2643.2638452351093,0,0
103,Q_LEARNING,1020,0,0.0,0,0.0,2643.2638452351093,0,0
103,Q_LEARNING,1050,0,0.0,0,0.0,2643.2638452351093,0,0
103,Q_LEARNING,1080,0,0.0,0,0.0,2643.2638452351093,0,0
103,Q_LEARNING,1110,0,0.0,0,0.0,2643.2638452351093,0,0
103,Q_LEARNING,1140,0,0.0,0,0.0,2643.2638452351093,0,0
103,Q_LEARNING,1170,0,0.0,0,0.0,2643.2638452351093,0,0
103,Q_LEARNING,1200,0,0.0,0,0.0,2643.2638452351093,0,0
103,Q_LEARNING,1230,0,0.0,0,0.0,2643.2638452351093,0,0
103,Q_LEARNING,1260,0,0.0,0,0.0,2643.2638452351093,0,0
103,Q_LEARNING,1290,0,0.0,0,0.0,2643.2638452351093,0,0
103,Q_LEARNING,1320,0,0.0,0,0.0,2643.2638452351093,0,0
103,Q_LEARNING,1350,0,0.0,0,0.0,2643.2638452351093,0,0
103,Q_LEARNING,1380,0,0.0,0,0.0,2643.2638452351093,0,0
103,Q_LEARNING,1410,0,0.0,0,0.0,2643.2638452351093,0,0
103,Q_LEARNING,1440,0,0.0,0,0.0,2643.2638452351093,0,0
103,Q_LEARNING,1470,0,0.0,0,0.0,2643.2638452351093,0,0
103,Q_LEARNING,1500,0,0.0,0,0.0,2643.2638452351093,0,0
103,Q_LEARNING,1530,0,0.0,0,0.0,2643.2638452351093,0,0
103,Q_LEARNING,1560,0,0.0,0,0.0,2643.2638452351093,0,0
103,Q_LEARNING,1590,0,0.0,0,0.0,2643.2638452351093,0,0
103,Q_LEARNING,1620,0,0.0,0,0.0,2643.2638452351093,0,0
103,Q_LEARNING,1650,0,0.0,0,0.0,2643.2638452351093,0,0
103,Q_LEARNING,1680,0,0.0,0,0.0,2643.2638452351093,0,0
103,Q_LEARNING,1710,0,0.0,0,0.0,2643.2638452351093,0,0
103,Q_LEARNING,1740,0,0.0,0,0.0,2643.2638452351093,0,0
103,Q_LEARNING,1770,0,0.0,0,0.0,2643.2638452351093,0,0
103,Q_LEARNING,1800,0,0.0,0,0.0,2643.2638452351093,0,0
103,FIXED,0,232.08000008761883,1.0,185.66400108486414,1.0,2457.60009765625,0.03167724609375,0
103,FIXED,30,220.8057575750281,0.9514208785404418,38.59662348531856,0.20788426006006755,2604.6674598225654,0.0291748046875,0.026289578495454435
103,FIXED,60,225.49580230518768,0.9716296200450475,36.33171864936594,0.1956853156081629,2606.9323633309978,0.02996826171875,0.02598172890254613
103,FIXED,90,222.07274567062268,0.9568801516148826,36.92366177742224,0.19887356494350786,2606.34041753973,0.030029296875,0.026009760187631237
103,FIXED,120,204.95853087934665,0.8831374129695243,35.695739612820034,0.19225988562265264,2607.5682281546033,0.02947998046875,0.023900292728445294
103,FIXED,150,147.25210034043994,0.634488539662387,23.154930208089354,0.12471416145720997,2620.109037439397,0.0211181640625,0.020814213844367657
103,FIXED,180,149.59446387272328,0.6445814538790323,24.023080215149093,0.12939008140931163,2619.2408870846557,0.01983642578125,0.017282917117391605
103,FIXED,210,147.27225809899392,0.6345753966020043,23.344338245296967,0.12573432711183807,2619.9196275364666,0.0203857421875,0.01717638084413764
103,FIXED,240,147.60280201758724,0.6359996637446643,23.771259295011987,0.12803375536513678,2619.4927051384875,0.02081298828125,0.017396336475581364
103,FIXED,270,155.25374424777692,0.6689664951273822,25.05456203308495,0.13494571853825824,2618.209402540073,0.02154541015625,0.017984915927701906
103,FIXED,300,153.97206637033378,0.6634439258540313,24.778667320482782,0.13345972927275673,2618.485296384213,0.0216064453125,0.018611322203559766
103,FIXED,330,154.00999264745042,0.6636073448349962,25.507588879321702,0.1373857545365651,2617.7563734729483,0.02288818359375,0.01854057569595291
103,FIXED,360,86.61543899483513,0.37321371493508526,15.314757194544654,0.08248641150173489,2627.9492042960774,0.01287841796875,0.014355617754340244
103,FIXED,390,76.5373270048076,0.32978855125780726,12.165682774359993,0.06552526447385591,2631.098278099671,0.010498046875,0.009159780861472289
103,FIXED,420,78.36316787777469,0.3376558421586939,12.451276288265944,0.0670634921983323,2630.812684027289,0.01080322265625,0.009357501865152162
103,FIXED,450,74.63473262824118,0.3215905403311953,12.68893689016113,0.06834354972432817,2630.575022667501,0.01153564453125,0.009095626490278619
103,FIXED,480,65.70530351321213,0.28311488921236616,10.48102945269602,0.05645159746344852,2632.7829295968404,0.00872802734375,0.00726774617594117
103,FIXED,510,0,0.0,0,0.0,2643.263958618045,0,0.004010333466382576
103,FIXED,540,0,0.0,0,0.0,2643.263958618045,0,0
103,FIXED,570,0,0.0,0,0.0,2643.263958618045,0,0
103,FIXED,600,0,0.0,0,0.0,2643.263958618045,0,0
103,FIXED,630,0,0.0,0,0.0,2643.263958618045,0,0
103,FIXED,660,0,0.0,0,0.0,2643.263958618045,0,0
103,FIXED,690,0,0.0,0,0.0,2643.263958618045,0,0
103,FIXED,720,0,0.0,0,0.0,2643.263958618045,0,0
103,FIXED,750,0,0.0,0,0.0,2643.263958618045,0,0
103,FIXED,780,0,0.0,0,0.0,2643.263958618045,0,0
103,FIXED,810,0,0.0,0,0.0,2643.263958618045,0,0
103,FIXED,840,0,0.0,0,0.0,2643.263958618045,0,0
103,FIXED,870,0,0.0,0,0.0,2643.263958618045,0,0
103,FIXED,900,0,0.0,0,0.0,2643.263958618045,0,0
103,FIXED,930,0,0.0,0,0.0,2643.263958618045,0,0
103,FIXED,960,0,0.0,0,0.0,2643.263958618045,0,0
103,FIXED,990,0,0.0,0,0.0,2643.263958618045,0,0
103,FIXED,1020,0,0.0,0,0.0,2643.263958618045,0,0
103,FIXED,1050,0,0.0,0,0.0,2643.263958618045,0,0
103,FIXED,1080,0,0.0,0,0.0,2643.263958618045,0,0
103,FIXED,1110,0,0.0,0,0.0,2643.263958618045,0,0
103,FIXED,1140,0,0.0,0,0.0,2643.263958618045,0,0
103,FIXED,1170,0,0.0,0,0.0,2643.263958618045,0,0
103,FIXED,1200,0,0.0,0,0.0,2643.263958618045,0,0
103,FIXED,1230,0,0.0,0,0.0,2643.263958618045,0,0
103,FIXED,1260,0,0.0,0,0.0,2643.263958618045,0,0
103,FIXED,1290,0,0.0,0,0.0,2643.263958618045,0,0
103,FIXED,1320,0,0.0,0,0.0,2643.263958618045,0,0
103,FIXED,1350,0,0.0,0,0.0,2643.263958618045,0,0
103,FIXED,1380,0,0.0,0,0.0,2643.263958618045,0,0
103,FIXED,1410,0,0.0,0,0.0,2643.263958618045,0,0
103,FIXED,1440,0,0.0,0,0.0,2643.263958618045,0,0
103,FIXED,1470,0,0.0,0,0.0,2643.263958618045,0,0
103,FIXED,1500,0,0.0,0,0.0,2643.263958618045,0,0
103,FIXED,1530,0,0.0,0,0.0,2643.263958618045,0,0
103,FIXED,1560,0,0.0,0,0.0,2643.263958618045,0,0
103,FIXED,1590,0,0.0,0,0.0,2643.263958618045,0,0
103,FIXED,1620,0,0.0,0,0.0,2643.263958618045,0,0
103,FIXED,1650,0,0.0,0,0.0,2643.263958618045,0,0
103,FIXED,1680,0,0.0,0,0.0,2643.263958618045,0,0
103,FIXED,1710,0,0.0,0,0.0,2643.263958618045,0,0
103,FIXED,1740,0,0.0,0,0.0,2643.263958618045,0,0
103,FIXED,1770,0,0.0,0,0.0,2643.263958618045,0,0
103,FIXED,1800,0,0.0,0,0.0,2643.263958618045,0,0
103,RANDOM,0,232.08000008761883,1.0,185.66400108486414,1.0,2457.60009765625,0.03167724609375,0
103,RANDOM,30,220.8057575750281,0.9514208785404418,38.59662348531856,0.20788426006006755,2604.6674598225654,0.0291748046875,0.026289578495454435
103,RANDOM,60,225.49580230518768,0.9716296200450475,36.33171864936594,0.1956853156081629,2606.9323633309978,0.02996826171875,0.02598172890254613
103,RANDOM,90,222.07274567062268,0.9568801516148826,36.92366177742224,0.19887356494350786,2606.34041753973,0.030029296875,0.026009760187631237
103,RANDOM,120,204.95853087934665,0.8831374129695243,35.695739612820034,0.19225988562265264,2607.5682281546033,0.02947998046875,0.023900292728445294
103,RANDOM,150,147.25210034043994,0.634488539662387,23.154930208089354,0.12471416145720997,2620.109037439397,0.0211181640625,0.020814213844367657
103,RANDOM,180,149.59446387272328,0.6445814538790323,24.023080215149093,0.12939008140931163,2619.2408870846557,0.01983642578125,0.017282917117391605
103,RANDOM,210,146.8829839283717,0.6328980690835828,24.77143330584022,0.1334207663364832,2618.492534105477,0.0201416015625,0.01718082955760636
103,RANDOM,240,154.51383203547448,0.6657783177229394,26.417564135888824,0.14228694836654826,2616.8464024009154,0.02117919921875,0.017782768791040127
103,RANDOM,270,154.3505515816505,0.6650747652679138,26.784402281817165,0.14426276566976723,2616.4795626924024,0.02178955078125,0.018456389767333548
103,RANDOM,300,153.44396512430103,0.6611684120405473,26.23173739318372,0.1412860718281817,2617.0322268657037,0.0211181640625,0.018500423576045755
103,RANDOM,330,161.77155557915103,0.6970508252243892,28.09768495542812,0.15133620298630268,2615.1662775827863,0.022705078125,0.018866669376236267
103,RANDOM,360,125.87974969414063,0.5423980939616354,23.953280039626407,0.1290141325171471,2619.310682556781,0.0189208984375,0.017107512948776105
103,RANDOM,390,75.81677873362787,0.3266838103455887,12.275028884068888,0.06611421068351404,2630.9889337470377,0.01068115234375,0.01199240754979769
103,RANDOM,420,76.72953587258235,0.33061675217000214,12.29013501108966,0.06619557339751625,2630.973827021924,0.0108642578125,0.009106190340034459
103,RANDOM,450,77.30791664682329,0.3331089133817506,17.198194074942876,0.09263074141702811,2626.0657659746357,0.010986328125,0.009197569996928223
103,RANDOM,480,77.86519442748977,0.33551014476944485,12.52339147721068,0.06745190992348825,2630.740566712717,0.010986328125,0.009419857785399444
103,RANDOM,510,82.0765676543815,0.35365635825316505,13.28789644761764,0.07156959006578743,2629.9760618577566,0.011962890625,0.00969227774359993
103,RANDOM,540,73.30022292584181,0.3158403261727346,11.800810137530789,0.06356003354757404,2631.463147750532,0.0103759765625,0.009290426476972868
103,RANDOM,570,74.39573503565043,0.3205607334003933,14.70836269306892,0.07922032600356359,2628.5555949475092,0.01043701171875,0.008906216551224588
103,RANDOM,600,76.98771148512606,0.33172919448492044,15.132418056760798,0.08150431946063688,2628.131539066264,0.01116943359375,0.009074018056175248
103,RANDOM,630,75.19448471942451,0.3240024331740598,14.80833601455015,0.07975878968471378,2628.4556210099545,0.010498046875,0.009121060742174336
103,RANDOM,660,75.36027647787705,0.3247168064866673,14.834617481305031,0.07990034360255092,2628.4293386101344,0.01104736328125,0.00898238013271424
103,RANDOM,690,71.08865171362413,0.306310977623171,13.25599292213883,0.071397755325114,2630.0079624457067,0.00958251953125,0.008671313615376874
103,RANDOM,720,76.73439955894719,0.3306377091088293,14.817271397943841,0.07980691631853337,2628.4466832371254,0.0106201171875,0.008391721108617745
103,RANDOM,750,74.66924135468435,0.32173923356814,8.862394158000825,0.04773350841421306,2634.4015598446713,0.01043701171875,0.009071486778045923
103,RANDOM,780,78.95467038778588,0.34020454307987574,9.025291594967712,0.04861088602115383,2634.2386621974874,0.0091552734375,0.0089636297812703
103,RANDOM,810,78.52216757298447,0.33834094942838433,9.547898557156259,0.05142568565455003,2633.716054811841,0.01055908203125,0.009268079872029489
103,RANDOM,840,79.85704149398953,0.3440927329534666,9.763982667700475,0.05258953060716121,2633.499969664321,0.0108642578125,0.009196545318488347
103,RANDOM,870,75.16454755467748,0.3238734381519307,8.683321193174379,0.046769008221498834,2634.580631252029,0.01043701171875,0.009281608316967671
103,RANDOM,900,62.08951974869706,0.2675349867513614,8.993988959264243,0.048442287717117706,2634.2699622756627,0.00921630859375,0.00761336618475672
103,RANDOM,930,0,0.0,0,0.0,2643.2639510035515,0,0.0037896435393491856
103,RANDOM,960,0,0.0,0,0.0,2643.2639510035515,0,0
103,RANDOM,990,0,0.0,0,0.0,2643.2639510035515,0,0
103,RANDOM,1020,0,0.0,0,0.0,2643.2639510035515,0,0
103,RANDOM,1050,0,0.0,0,0.0,2643.2639510035515,0,0
103,RANDOM,1080,0,0.0,0,0.0,2643.2639510035515,0,0
103,RANDOM,1110,0,0.0,0,0.0,2643.2639510035515,0,0
103,RANDOM,1140,0,0.0,0,0.0,2643.2639510035515,0,0
103,RANDOM,1170,0,0.0,0,0.0,2643.2639510035515,0,0
103,RANDOM,1200,0,0.0,0,0.0,2643.2639510035515,0,0
103,RANDOM,1230,0,0.0,0,0.0,2643.2639510035515,0,0
103,RANDOM,1260,0,0.0,0,0.0,2643.2639510035515,0,0
103,RANDOM,1290,0,0.0,0,0.0,2643.2639510035515,0,0
103,RANDOM,1320,0,0.0,0,0.0,2643.2639510035515,0,0
103,RANDOM,1350,0,0.0,0,0.0,2643.2639510035515,0,0
103,RANDOM,1380,0,0.0,0,0.0,2643.2639510035515,0,0
103,RANDOM,1410,0,0.0,0,0.0,2643.2639510035515,0,0
103,RANDOM,1440,0,0.0,0,0.0,2643.2639510035515,0,0
103,RANDOM,1470,0,0.0,0,0.0,2643.2639510035515,0,0
103,RANDOM,1500,0,0.0,0,0.0,2643.2639510035515,0,0
103,RANDOM,1530,0,0.0,0,0.0,2643.2639510035515,0,0
103,RANDOM,1560,0,0.0,0,0.0,2643.2639510035515,0,0
103,RANDOM,1590,0,0.0,0,0.0,2643.2639510035515,0,0
103,RANDOM,1620,0,0.0,0,0.0,2643.2639510035515,0,0
103,RANDOM,1650,0,0.0,0,0.0,2643.2639510035515,0,0
103,RANDOM,1680,0,0.0,0,0.0,2643.2639510035515,0,0
103,RANDOM,1710,0,0.0,0,0.0,2643.2639510035515,0,0
103,RANDOM,1740,0,0.0,0,0.0,2643.2639510035515,0,0
103,RANDOM,1770,0,0.0,0,0.0,2643.2639510035515,0,0
103,RANDOM,1800,0,0.0,0,0.0,2643.2639510035515,0,0
104,FIXED,0,232.08000008761883,1.0,185.66400108486414,1.0,2457.60009765625,0.03167724609375,0
104,FIXED,30,232.06143730180338,0.9999200155730419,37.98597596530453,0.2045952674904476,2605.278126383477,0.0328369140625,0.027823229344022593
104,FIXED,60,233.36204124003416,1.0055241345739887,38.451087979367,0.20710039509377806,2604.812907293148,0.02838134765625,0.027413658189683332
104,FIXED,90,155.279681878048,0.6690782567193387,25.228078245098004,0.13588028965058574,2618.035914441032,0.02154541015625,0.023116254420973092
104,FIXED,120,153.68449312681332,0.6622048132919326,25.057007623378013,0.1349588906679052,2618.2069833406713,0.02197265625,0.018380268979406367
104,FIXED,150,149.4052502560371,0.6437661590814852,24.378721629967913,0.13130559229317038,2618.885267700898,0.02117919921875,0.017899518545794635
104,FIXED,180,153.63189156167573,0.6619781605639176,24.790837688142346,0.13352527977036777,2618.4731504306837,0.02203369140625,0.017731123922891223
104,FIXED,210,153.26302126282826,0.6603887504522827,24.79601944584647,0.13355318909944525,2618.4679676081723,0.020751953125,0.018393471340843126
104,FIXED,240,137.79656726063695,0.5937459807334265,22.89834049557976,0.12333215034568432,2620.3655547584494,0.01971435546875,0.017129393136819715
104,FIXED,270,81.86438938649371,0.3527421120113188,14.29063818056602,0.07697043097780701,2628.973256870755,0.0118408203125,0.012896633391072498
104,FIXED,300,77.13919253479617,0.3323819049710154,15.302293986227596,0.08241928374274965,2627.961597435293,0.010986328125,0.009480883405143414
104,FIXED,330,78.40824619564228,0.33785007827490626,12.879952316751428,0.06937237289669418,2630.383938187413,0.01092529296875,0.009294578252760699
104,FIXED,360,77.75895423768088,0.3350523707700965,12.735282715642825,0.06859317175773738,2630.528607939559,0.0106201171875,0.009296778725001786
104,FIXED,390,77.8084229270462,0.3352655243781051,12.745228285522899,0.06864673933045994,2630.518661807073,0.01068115234375,0.009291637570171929
104,FIXED,420,76.64034414564958,0.33023243759356685,12.321755766737624,0.06636588511903037,2630.942133577919,0.01068115234375,0.009222867607594054
104,FIXED,450,78.6091839260771,0.3387158906256429,18.561270452380995,0.09997237129397489,2624.702616208262,0.01129150390625,0.00929068850921766
104,FIXED,480,78.67299663845915,0.3389908506065028,12.834843167052895,0.06912941169024084,2630.429042548363,0.0113525390625,0.009510790843311412
104,FIXED,510,78.84841320011765,0.3397466958391479,12.740136468897617,0.06861931443066499,2630.523747818632,0.01104736328125,0.009596381388242037
104,FIXED,540,78.42650229530409,0.3379287412344673,12.911175517205379,0.06954054335661915,2630.3527090018906,0.01104736328125,0.009494441784880792
104,FIXED,570,76.92777569801547,0.3314709396284573,12.32069785240219,0.06636018711441315,2630.9431863575737,0.01055908203125,0.009323556951855494
104,FIXED,600,75.92153966322076,0.3271352104212235,12.03277123872249,0.06480939314252145,2631.23111185366,0.0106201171875,0.009157437669664148
104,FIXED,630,77.24382558546495,0.3328327540343956,12.41000122341211,0.06684118165556333,2630.853882268362,0.01019287109375,0.009079226670920093
104,FIXED,660,77.23525808309205,0.33279583787458145,15.309647840502294,0.0824588921441184,2627.954234976336,0.010986328125,0.00923709467526379
104,FIXED,690,80.8367133140564,0.3483140007046602,13.482779856421985,0.0726192464755686,2629.7811014739855,0.011474609375,0.009573188430223922
104,FIXED,720,77.85118631290061,0.33544978577864915,12.8359992353071,0.06913563835910205,2630.427379304092,0.01043701171875,0.009258610353423236
104,FIXED,750,0,0.0,0,0.0,2643.2633786946535,0,0.00475165932085575
104,FIXED,780,0,0.0,0,0.0,2643.2633786946535,0,0
104,FIXED,810,0,0.0,0,0.0,2643.2633786946535,0,0
104,FIXED,840,0,0.0,0,0.0,2643.2633786946535,0,0
104,FIXED,870,0,0.0,0,0.0,2643.2633786946535,0,0
104,FIXED,900,0,0.0,0,0.0,2643.2633786946535,0,0
104,FIXED,930,0,0.0,0,0.0,2643.2633786946535,0,0
104,FIXED,960,0,0.0,0,0.0,2643.2633786946535,0,0
104,FIXED,990,0,0.0,0,0.0,2643.2633786946535,0,0
104,FIXED,1020,0,0.0,0,0.0,2643.2633786946535,0,0
104,FIXED,1050,0,0.0,0,0.0,2643.2633786946535,0,0
104,FIXED,1080,0,0.0,0,0.0,2643.2633786946535,0,0
104,FIXED,1110,0,0.0,0,0.0,2643.2633786946535,0,0
104,FIXED,1140,0,0.0,0,0.0,2643.2633786946535,0,0
104,FIXED,1170,0,0.0,0,0.0,2643.2633786946535,0,0
104,FIXED,1200,0,0.0,0,0.0,2643.2633786946535,0,0
104,FIXED,1230,0,0.0,0,0.0,2643.2633786946535,0,0
104,FIXED,1260,0,0.0,0,0.0,2643.2633786946535,0,0
104,FIXED,1290,0,0.0,0,0.0,2643.2633786946535,0,0
104,FIXED,1320,0,0.0,0,0.0,2643.2633786946535,0,0
104,FIXED,1350,0,0.0,0,0.0,2643.2633786946535,0,0
104,FIXED,1380,0,0.0,0,0.0,2643.2633786946535,0,0
104,FIXED,1410,0,0.0,0,0.0,2643.2633786946535,0,0
104,FIXED,1440,0,0.0,0,0.0,2643.2633786946535,0,0
104,FIXED,1470,0,0.0,0,0.0,2643.2633786946535,0,0
104,FIXED,1500,0,0.0,0,0.0,2643.2633786946535,0,0
104,FIXED,1530,0,0.0,0,0.0,2643.2633786946535,0,0
104,FIXED,1560,0,0.0,0,0.0,2643.2633786946535,0,0
104,FIXED,1590,0,0.0,0,0.0,2643.2633786946535,0,0
104,FIXED,1620,0,0.0,0,0.0,2643.2633786946535,0,0
104,FIXED,1650,0,0.0,0,0.0,2643.2633786946535,0,0
104,FIXED,1680,0,0.0,0,0.0,2643.2633786946535,0,0
104,FIXED,1710,0,0.0,0,0.0,2643.2633786946535,0,0
104,FIXED,1740,0,0.0,0,0.0,2643.2633786946535,0,0
104,FIXED,1770,0,0.0,0,0.0,2643.2633786946535,0,0
104,FIXED,1800,0,0.0,0,0.0,2643.2633786946535,0,0
104,RANDOM,0,232.08000008761883,1.0,185.66400108486414,1.0,2457.60009765625,0.03167724609375,0
104,RANDOM,30,232.06143730180338,0.9999200155730419,37.98597596530453,0.2045952674904476,2605.278126383477,0.0328369140625,0.027823229344022593
104,RANDOM,60,233.36204124003416,1.0055241345739887,38.451087979367,0.20710039509377806,2604.812907293148,0.02838134765625,0.027413658189683332
104,RANDOM,90,155.279681878048,0.6690782567193387,25.228078245098004,0.13588028965058574,2618.035914441032,0.02154541015625,0.023116254420973092
104,RANDOM,120,153.68449312681332,0.6622048132919326,25.057007623378013,0.1349588906679052,2618.2069833406713,0.02197265625,0.018380268979406367
104,RANDOM,150,149.4052502560371,0.6437661590814852,24.378721629967913,0.13130559229317038,2618.885267700898,0.02117919921875,0.017899518545794635
104,RANDOM,180,153.63189156167573,0.6619781605639176,24.790837688142346,0.13352527977036777,2618.4731504306837,0.02203369140625,0.017731123922891223
104,RANDOM,210,153.6902916925028,0.6622297984939632,26.452595303195267,0.14247562881672574,2616.8113916448783,0.02093505859375,0.01839909423632924
104,RANDOM,240,151.56355522642843,0.6530659909048929,25.164154061865702,0.13553598928617056,2618.0998325702385,0.0216064453125,0.017412308148877287
104,RANDOM,270,77.13164982572198,0.3323494045010424,14.026092015075847,0.07554556582384939,2629.2378944727825,0.010498046875,0.013625185659449812
104,RANDOM,300,76.86908093164675,0.3312180321554025,16.33318435450201,0.08797173528020849,2626.9308016959985,0.0106201171875,0.009263011781214914
104,RANDOM,330,78.89724901225418,0.3399571224684054,13.593877150715343,0.07321762469452435,2629.6701085047825,0.01104736328125,0.009317788043048836
104,RANDOM,360,76.61998148541898,0.3301446977615136,13.190333289810951,0.07104410770390461,2630.0736512196017,0.010498046875,0.009135591807194032
104,RANDOM,390,77.6307781857904,0.3345000782337207,12.732730452429678,0.06857942507987719,2630.53125314755,0.010498046875,0.009269249321206985
104,RANDOM,420,79.20559979122481,0.34128576250138637,12.85233399909339,0.06922361860131834,2630.4116493305482,0.0113525390625,0.009508484258196503
104,RANDOM,450,76.55913321813568,0.32988251115663464,12.472991843518685,0.06718045378014596,2630.790990776877,0.0111083984375,0.00936711030717241
104,RANDOM,480,77.92075897625182,0.33574956457615407,12.438292842212832,0.06699356240054032,2630.82568910392,0.01055908203125,0.009266477291582476
104,RANDOM,510,77.50330873078201,0.3339508303236885,12.335288398397097,0.06643877287099306,2630.928693692782,0.0107421875,0.00938596572257211
104,RANDOM,540,79.18528940225951,0.34119824789884573,12.737067904294236,0.0686027869154469,2630.5269134848786,0.010986328125,0.009422977403254151
104,RANDOM,570,77.766888776212,0.33508655957795636,12.637448612629669,0.06806623006499406,2630.626532511247,0.01080322265625,0.009339618341421385
104,RANDOM,600,81.39076206134632,0.3507013186427882,13.179847253952175,0.07098762914156886,2630.0841343773936,0.01129150390625,0.009469047396088115
104,RANDOM,630,54.87227529613301,0.2364368979464697,10.210704773038742,0.05499560880610123,2633.053275597209,0.0081787109375,0.007539998521622238
104,RANDOM,660,0,0.0,0,0.0,2643.2639802843332,0,0.0033491378964924934
104,RANDOM,690,0,0.0,0,0.0,2643.2639802843332,0,0
104,RANDOM,720,0,0.0,0,0.0,2643.2639802843332,0,0
104,RANDOM,750,0,0.0,0,0.0,2643.2639802843332,0,0
104,RANDOM,780,0,0.0,0,0.0,2643.2639802843332,0,0
104,RANDOM,810,0,0.0,0,0.0,2643.2639802843332,0,0
104,RANDOM,840,0,0.0,0,0.0,2643.2639802843332,0,0
104,RANDOM,870,0,0.0,0,0.0,2643.2639802843332,0,0
104,RANDOM,900,0,0.0,0,0.0,2643.2639802843332,0,0
104,RANDOM,930,0,0.0,0,0.0,2643.2639802843332,0,0
104,RANDOM,960,0,0.0,0,0.0,2643.2639802843332,0,0
104,RANDOM,990,0,0.0,0,0.0,2643.2639802843332,0,0
104,RANDOM,1020,0,0.0,0,0.0,2643.2639802843332,0,0
104,RANDOM,1050,0,0.0,0,0.0,2643.2639802843332,0,0
104,RANDOM,1080,0,0.0,0,0.0,2643.2639802843332,0,0
104,RANDOM,1110,0,0.0,0,0.0,2643.2639802843332,0,0
104,RANDOM,1140,0,0.0,0,0.0,2643.2639802843332,0,0
104,RANDOM,1170,0,0.0,0,0.0,2643.2639802843332,0,0
104,RANDOM,1200,0,0.0,0,0.0,2643.2639802843332,0,0
104,RANDOM,1230,0,0.0,0,0.0,2643.2639802843332,0,0
104,RANDOM,1260,0,0.0,0,0.0,2643.2639802843332,0,0
104,RANDOM,1290,0,0.0,0,0.0,2643.2639802843332,0,0
104,RANDOM,1320,0,0.0,0,0.0,2643.2639802843332,0,0
104,RANDOM,1350,0,0.0,0,0.0,2643.2639802843332,0,0
104,RANDOM,1380,0,0.0,0,0.0,2643.2639802843332,0,0
104,RANDOM,1410,0,0.0,0,0.0,2643.2639802843332,0,0
104,RANDOM,1440,0,0.0,0,0.0,2643.2639802843332,0,0
104,RANDOM,1470,0,0.0,0,0.0,2643.2639802843332,0,0
104,RANDOM,1500,0,0.0,0,0.0,2643.2639802843332,0,0
104,RANDOM,1530,0,0.0,0,0.0,2643.2639802843332,0,0
104,RANDOM,1560,0,0.0,0,0.0,2643.2639802843332,0,0
104,RANDOM,1590,0,0.0,0,0.0,2643.2639802843332,0,0
104,RANDOM,1620,0,0.0,0,0.0,2643.2639802843332,0,0
104,RANDOM,1650,0,0.0,0,0.0,2643.2639802843332,0,0
104,RANDOM,1680,0,0.0,0,0.0,2643.2639802843332,0,0
104,RANDOM,1710,0,0.0,0,0.0,2643.2639802843332,0,0
104,RANDOM,1740,0,0.0,0,0.0,2643.2639802843332,0,0
104,RANDOM,1770,0,0.0,0,0.0,2643.2639802843332,0,0
104,RANDOM,1800,0,0.0,0,0.0,2643.2639802843332,0,0
104,Q_LEARNING,0,232.08000008761883,1.0,185.66400108486414,1.0,2457.60009765625,0.03167724609375,0
104,Q_LEARNING,30,232.06143730180338,0.9999200155730419,37.98597596530453,0.2045952674904476,2605.278126383477,0.0328369140625,0.027823229344022593
104,Q_LEARNING,60,233.36204124003416,1.0055241345739887,38.451087979367,0.20710039509377806,2604.812907293148,0.02838134765625,0.027413658189683332
104,Q_LEARNING,90,155.279681878048,0.6690782567193387,25.228078245098004,0.13588028965058574,2618.035914441032,0.02154541015625,0.023116254420973092
104,Q_LEARNING,120,153.68449312681332,0.6622048132919326,25.057007623378013,0.1349588906679052,2618.2069833406713,0.02197265625,0.018380268979406367
104,Q_LEARNING,150,149.4052502560371,0.6437661590814852,24.378721629967913,0.13130559229317038,2618.885267700898,0.02117919921875,0.017899518545794635
104,Q_LEARNING,180,153.63189156167573,0.6619781605639176,24.790837688142346,0.13352527977036777,2618.4731504306837,0.02203369140625,0.017731123922891223
104,Q_LEARNING,210,153.26302126282826,0.6603887504522827,24.79601944584647,0.13355318909944525,2618.4679676081723,0.020751953125,0.018393471340843126
104,Q_LEARNING,240,137.79656726063695,0.5937459807334265,22.89834049557976,0.12333215034568432,2620.3655547584494,0.01971435546875,0.017129393136819715
104,Q_LEARNING,270,81.86438938649371,0.3527421120113188,14.29063818056602,0.07697043097780701,2628.973256870755,0.0118408203125,0.012896633391072498
104,Q_LEARNING,300,77.13919253479617,0.3323819049710154,15.302293986227596,0.08241928374274965,2627.961597435293,0.010986328125,0.009480883405143414
104,Q_LEARNING,330,78.40824619564228,0.33785007827490626,12.879952316751428,0.06937237289669418,2630.383938187413,0.01092529296875,0.009294578252760699
104,Q_LEARNING,360,77.75895423768088,0.3350523707700965,12.735282715642825,0.06859317175773738,2630.528607939559,0.0106201171875,0.009296778725001786
104,Q_LEARNING,390,77.8084229270462,0.3352655243781051,12.745228285522899,0.06864673933045994,2630.518661807073,0.01068115234375,0.009291637570171929
104,Q_LEARNING,420,76.64034414564958,0.33023243759356685,12.321755766737624,0.06636588511903037,2630.942133577919,0.01068115234375,0.009222867607594054
104,Q_LEARNING,450,78.6091839260771,0.3387158906256429,18.561270452380995,0.09997237129397489,2624.702616208262,0.01129150390625,0.00929068850921766
104,Q_LEARNING,480,78.67299663845915,0.3389908506065028,12.834843167052895,0.06912941169024084,2630.429042548363,0.0113525390625,0.009510790843311412
104,Q_LEARNING,510,78.84841320011765,0.3397466958391479,12.740136468897617,0.06861931443066499,2630.523747818632,0.01104736328125,0.009596381388242037
104,Q_LEARNING,540,78.42650229530409,0.3379287412344673,12.911175517205379,0.06954054335661915,2630.3527090018906,0.01104736328125,0.009494441784880792
104,Q_LEARNING,570,76.92777569801547,0.3314709396284573,12.32069785240219,0.06636018711441315,2630.9431863575737,0.01055908203125,0.009323556951855494
104,Q_LEARNING,600,75.92153966322076,0.3271352104212235,12.03277123872249,0.06480939314252145,2631.23111185366,0.0106201171875,0.009157437669664148
104,Q_LEARNING,630,77.24382558546495,0.3328327540343956,12.41000122341211,0.06684118165556333,2630.853882268362,0.01019287109375,0.009079226670920093
104,Q_LEARNING,660,77.23525808309205,0.33279583787458145,15.309647840502294,0.0824588921441184,2627.954234976336,0.010986328125,0.00923709467526379
104,Q_LEARNING,690,80.8367133140564,0.3483140007046602,13.482779856421985,0.0726192464755686,2629.7811014739855,0.011474609375,0.009573188430223922
104,Q_LEARNING,720,77.85118631290061,0.33544978577864915,12.8359992353071,0.06913563835910205,2630.427379304092,0.01043701171875,0.009258610353423236
104,Q_LEARNING,750,0,0.0,0,0.0,2643.2633786946535,0,0.00475165932085575
104,Q_LEARNING,780,0,0.0,0,0.0,2643.2633786946535,0,0
104,Q_LEARNING,810,0,0.0,0,0.0,2643.2633786946535,0,0
104,Q_LEARNING,840,0,0.0,0,0.0,2643.2633786946535,0,0
104,Q_LEARNING,870,0,0.0,0,0.0,2643.2633786946535,0,0
104,Q_LEARNING,900,0,0.0,0,0.0,2643.2633786946535,0,0
104,Q_LEARNING,930,0,0.0,0,0.0,2643.2633786946535,0,0
104,Q_LEARNING,960,0,0.0,0,0.0,2643.2633786946535,0,0
104,Q_LEARNING,990,0,0.0,0,0.0,2643.2633786946535,0,0
104,Q_LEARNING,1020,0,0.0,0,0.0,2643.2633786946535,0,0
104,Q_LEARNING,1050,0,0.0,0,0.0,2643.2633786946535,0,0
104,Q_LEARNING,1080,0,0.0,0,0.0,2643.2633786946535,0,0
104,Q_LEARNING,1110,0,0.0,0,0.0,2643.2633786946535,0,0
104,Q_LEARNING,1140,0,0.0,0,0.0,2643.2633786946535,0,0
104,Q_LEARNING,1170,0,0.0,0,0.0,2643.2633786946535,0,0
104,Q_LEARNING,1200,0,0.0,0,0.0,2643.2633786946535,0,0
104,Q_LEARNING,1230,0,0.0,0,0.0,2643.2633786946535,0,0
104,Q_LEARNING,1260,0,0.0,0,0.0,2643.2633786946535,0,0
104,Q_LEARNING,1290,0,0.0,0,0.0,2643.2633786946535,0,0
104,Q_LEARNING,1320,0,0.0,0,0.0,2643.2633786946535,0,0
104,Q_LEARNING,1350,0,0.0,0,0.0,2643.2633786946535,0,0
104,Q_LEARNING,1380,0,0.0,0,0.0,2643.2633786946535,0,0
104,Q_LEARNING,1410,0,0.0,0,0.0,2643.2633786946535,0,0
104,Q_LEARNING,1440,0,0.0,0,0.0,2643.2633786946535,0,0
104,Q_LEARNING,1470,0,0.0,0,0.0,2643.2633786946535,0,0
104,Q_LEARNING,1500,0,0.0,0,0.0,2643.2633786946535,0,0
104,Q_LEARNING,1530,0,0.0,0,0.0,2643.2633786946535,0,0
104,Q_LEARNING,1560,0,0.0,0,0.0,2643.2633786946535,0,0
104,Q_LEARNING,1590,0,0.0,0,0.0,2643.2633786946535,0,0
104,Q_LEARNING,1620,0,0.0,0,0.0,2643.2633786946535,0,0
104,Q_LEARNING,1650,0,0.0,0,0.0,2643.2633786946535,0,0
104,Q_LEARNING,1680,0,0.0,0,0.0,2643.2633786946535,0,0
104,Q_LEARNING,1710,0,0.0,0,0.0,2643.2633786946535,0,0
104,Q_LEARNING,1740,0,0.0,0,0.0,2643.2633786946535,0,0
104,Q_LEARNING,1770,0,0.0,0,0.0,2643.2633786946535,0,0
104,Q_LEARNING,1800,0,0.0,0,0.0,2643.2633786946535,0,0
105,RANDOM,0,232.08000008761883,1.0,185.66400108486414,1.0,2457.60009765625,0.03167724609375,0
105,RANDOM,30,232.7128535770753,1.0027268764616406,37.90515551064891,0.20415996256227964,2605.358947918401,0.03265380859375,0.027710760287328995
105,RANDOM,60,244.24830308499804,1.0524315020371648,38.324420799504225,0.2064181563230813,2604.9396807157173,0.0341796875,0.027259477978160085
105,RANDOM,90,396.2423265548423,1.7073523199122977,68.70803003663195,0.37006651604597585,2574.556046320169,0.04925537109375,0.03265245653295157
105,RANDOM,120,722.2462982787692,3.1120574715877907,117.29337505512376,0.6317507668140296,2525.9706951219123,0.08642578125,0.057025813757151766
105,RANDOM,150,1286.1250045783454,5.541731317187114,217.4734936389267,1.1713282724071152,2425.7905673684945,0.14508056640625,0.08931286565574359
105,RANDOM,180,2045.597208520354,8.814189967890663,351.38785818548604,1.8926009141905333,2291.8760561383824,0.20166015625,0.14115618436727617
105,RANDOM,210,2791.670693718508,12.028915428578717,501.0568455640969,2.6987291162333165,2142.2070574367535,0.2591552734375,0.17170463141058523
105,RANDOM,240,3239.6443925708663,13.959170938244485,583.8139236874667,3.1444648411978067,2059.4497452506766,0.2537841796875,0.1677094943271693
105,RANDOM,270,3298.291143287017,14.211871518621981,584.7847993231335,3.149694048960183,2058.478734881661,0.2313232421875,0.09176116163509151
105,RANDOM,300,3300.1631531060775,14.21993774500234,573.7725489141303,3.090381256255852,2069.490979377959,0.22332763671875,0.0533005301880034
105,RANDOM,330,3306.986033224668,14.24933657349258,571.6830840403854,3.0791272443766733,2071.5804379553883,0.22125244140625,0.03757966148576308
105,RANDOM,360,3303.100934366539,14.232596230263253,570.8546248998755,3.0746651023584626,2072.4088913231753,0.22052001953125,0.03180319645789065
105,RANDOM,390,3338.3741686083813,14.38458362352646,573.7560727810051,3.090292514587952,2069.507441685524,0.22076416015625,0.03137084428287573
105,RANDOM,420,3339.8902632043028,14.391116261389909,570.2314263759035,3.071308509156062,2073.0320879207065,0.218994140625,0.024750202073411387
105,RANDOM,450,3338.8438790009823,14.386607539384887,570.2225859286118,3.071260893855088,2073.040925993111,0.218017578125,0.019498495523889936
105,RANDOM,480,3317.3256461061064,14.293888507642592,568.0505744074035,3.0595622796459954,2075.212935949723,0.21728515625,0.019767366299672906
105,RANDOM,510,3322.764057832188,14.317321857022238,568.822904898203,3.063722108618153,2074.440603811585,0.2176513671875,0.017124206818049936
105,RANDOM,540,3322.9937136266453,14.31831141146196,565.3800750741502,3.0451787733246345,2077.8834309600643,0.21563720703125,0.015940553772936017
105,RANDOM,570,3321.6700969645644,14.312608133878449,569.3706776737963,3.0666724531781786,2073.8928254380735,0.2178955078125,0.020722130286948248
105,RANDOM,600,3315.837870683885,14.287477893105967,565.3321639534697,3.044920720495866,2077.931334847657,0.21783447265625,0.024854882734937744
105,RANDOM,630,3305.358940276157,14.242325659377203,566.4202747954387,3.0507813657238634,2076.843220253875,0.21685791015625,0.02596784066876623
105,RANDOM,660,3321.8949618439365,14.313577044940528,566.104378102973,3.0490799228452232,2077.1591135229537,0.2181396484375,0.02526112348915266
105,RANDOM,690,3316.0174717498594,14.288251768777746,566.2457103168126,3.049841148570263,2077.017778064699,0.2205810546875,0.02818387416079382
105,RANDOM,720,3325.064980008049,14.327236206276773,571.6644342854124,3.079026795421227,2071.5990519274274,0.2218017578125,0.031688619071619184
105,RANDOM,750,3315.8046826150094,14.287334890396284,556.5738002723956,2.9977475279011916,2086.68968345764,0.2174072265625,0.025490683460519248
105,RANDOM,780,3336.696195231729,14.377353472819726,560.5742575817276,3.0192942859477525,2082.6892235457053,0.2174072265625,0.021237825205684846
105,RANDOM,810,3330.010217202711,14.348544536131973,556.9771547633209,2.99992002493114,2086.286324181234,0.21539306640625,0.015815822393845824
105,RANDOM,840,3341.084864838129,14.396263631406175,558.7112157912998,3.009259805490896,2084.552260289027,0.2166748046875,0.016057096059461262
105,RANDOM,870,3335.85365343004,14.373723078984106,558.5549681897392,3.008418244387787,2084.708507420488,0.2138671875,0.013468387763438061
105,RANDOM,900,3332.306506447141,14.358438922738157,557.4774967151898,3.002614903577218,2085.7859793692187,0.21234130859375,0.009708304472178408
105,RANDOM,930,3335.752385111402,14.37328672807666,561.474609208999,3.024143646200739,2081.788866875977,0.2125244140625,0.01027430200375723
105,RANDOM,960,3342.4610537296394,14.40219343531427,563.956221292392,3.0375097918665253,2079.307254002313,0.21405029296875,0.011160498909831507
105,RANDOM,990,3340.1916991668404,14.392415106453782,562.6939153990097,3.0307109192471353,2080.569558756637,0.21337890625,0.010264362815444628
105,RANDOM,1020,3333.478972851706,14.363490915172328,563.8502260859968,3.036938893869198,2079.413247989647,0.21429443359375,0.011762868111773628
105,RANDOM,1050,3347.150456682705,14.422399411491863,568.4887819910946,3.0619224980035153,2074.774691350707,0.21575927734375,0.013466797684165976
105,RANDOM,1080,3343.930243083043,14.408523965100763,568.0665976134915,3.0596485818154755,2075.1968738753385,0.215087890625,0.013794299553073042
105,RANDOM,1110,3333.1884226258408,14.362238975213023,570.8982105361356,3.074899857809198,2072.3652596143875,0.2158203125,0.015444862397086645
105,RANDOM,1140,3354.019897240505,14.451998862350216,577.905988431492,3.112644266280463,2065.357480028386,0.21893310546875,0.0171074093907011
105,RANDOM,1170,3356.8196720939886,14.464062697460635,575.166771925753,3.097890644201151,2068.0966952894487,0.21734619140625,0.015347657351631128
105,RANDOM,1200,3347.462996921582,14.423746103316919,569.6437536983576,3.0681432607820525,2073.619711948246,0.21533203125,0.012464032597233388
105,RANDOM,1230,3353.419413035852,14.449411460573128,569.2931604729965,3.0662549398188474,2073.9703037818945,0.2154541015625,0.011033505105648711
105,RANDOM,1260,3348.793366963222,14.429478480260807,569.0816984635894,3.0651159898437768,2074.1817647703538,0.21466064453125,0.010451174278117259
105,RANDOM,1290,3342.554727666098,14.402597063099618,569.4914418897533,3.067322898150017,2073.7720201242155,0.21392822265625,0.009533087894515457
105,RANDOM,1320,3355.0282624607935,14.456343765917552,571.9834328378493,3.080744945146391,2071.2800267108323,0.21588134765625,0.011584625161098705
105,RANDOM,1350,3356.7658099511973,14.463830613081237,570.2786414349393,3.0715628129454875,2072.9848179157816,0.21563720703125,0.01245768198329289
105,RANDOM,1380,3356.326301236637,14.461936831995429,570.9853283749835,3.0753690809129712,2072.278129936214,0.2156982421875,0.012199042170147667
105,RANDOM,1410,3360.795209764854,14.481192728783302,571.9232875458692,3.080420998168902,2071.340169558738,0.216796875,0.013913770786826984
105,RANDOM,1440,3361.51279629684,14.484284707978903,571.8762492743554,3.080167646570105,2071.3872058281668,0.2166748046875,0.01441823902303796
105,RANDOM,1470,3365.7271420080506,14.50244372947847,568.430429016953,3.0616082045820625,2074.833025207703,0.21575927734375,0.01253104205516653
105,RANDOM,1500,3362.2586309637263,14.487498404405157,568.8094088457874,3.063649417884695,2074.454043420941,0.21636962890625,0.013744372194275378
105,RANDOM,1530,3357.7211089803022,14.467946861912434,566.4714249562821,3.0510568642617844,2076.792027328298,0.2158203125,0.01231070423995373
105,RANDOM,1560,3344.9343737779345,14.41285062269518,563.8128833697119,3.0367377632457773,2079.4505677579145,0.21435546875,0.011488770871611376
105,RANDOM,1590,3354.2966281623812,14.45319125687698,567.4850502295594,3.056516324724526,2075.7784000054853,0.21533203125,0.010672526545444594
105,RANDOM,1620,3348.999569359901,14.430366977316138,565.8063203304919,3.047474561704994,2077.4571271621535,0.21478271484375,0.011900585365742122
105,RANDOM,1650,3336.7084474733856,14.377406266001612,564.7535587106249,3.041804309993755,2078.509885411353,0.21728515625,0.01678229872648651
105,RANDOM,1680,3342.004161150937,14.400224749608782,569.9978050332793,3.070050207378339,2073.2656373417194,0.21917724609375,0.02353531963093136
105,RANDOM,1710,3348.454992443294,14.428020472161013,567.1417534191569,3.054667302790298,2076.121684929989,0.21826171875,0.024172818797675966
105,RANDOM,1740,3330.707478522105,14.351548936852115,566.1303458718176,3.0492197871629845,2077.133089016097,0.2177734375,0.02229036312394772
105,RANDOM,1770,3341.301159109629,14.397195612927282,569.6571148189541,3.068215224762784,2073.606317568614,0.21795654296875,0.024975916725415992
105,RANDOM,1800,3351.1968563625123,14.439834777220403,572.3969655360124,3.082972262751025,2070.8664639386116,0.21893310546875,0.02328131843914072
105,Q_LEARNING,0,232.08000008761883,1.0,185.66400108486414,1.0,2457.60009765625,0.03167724609375,0
105,Q_LEARNING,30,232.7128535770753,1.0027268764616406,37.90515551064891,0.20415996256227964,2605.358947918401,0.03265380859375,0.027710760287328995
105,Q_LEARNING,60,244.24830308499804,1.0524315020371648,38.324420799504225,0.2064181563230813,2604.9396807157173,0.0341796875,0.027259477978160085
105,Q_LEARNING,90,396.2423265548423,1.7073523199122977,68.70803003663195,0.37006651604597585,2574.556046320169,0.04925537109375,0.03265245653295157
105,Q_LEARNING,120,722.2462982787692,3.1120574715877907,117.29337505512376,0.6317507668140296,2525.9706951219123,0.08642578125,0.057025813757151766
105,Q_LEARNING,150,1286.1250045783454,5.541731317187114,217.4734936389267,1.1713282724071152,2425.7905673684945,0.14508056640625,0.08931286565574359
105,Q_LEARNING,180,2045.597208520354,8.814189967890663,351.38785818548604,1.8926009141905333,2291.8760561383824,0.20166015625,0.14115618436727617
105,Q_LEARNING,210,2803.0097579868743,12.077773857844855,487.4487765078766,2.625435052889285,2155.81511763631,0.26129150390625,0.17178743615254444
105,Q_LEARNING,240,3264.6069591705746,14.066731118312926,576.3480579431616,3.1042531377944496,2066.915555492502,0.2530517578125,0.16677709014715525
105,Q_LEARNING,270,3310.148867082251,14.262964778664886,588.1741183125632,3.167949170952736,2055.089488059857,0.23211669921875,0.08633364239644026
105,Q_LEARNING,300,3297.403719616672,14.208047735142104,571.0755051018059,3.0758547794129254,2072.18809947517,0.22088623046875,0.041264784002892574
105,Q_LEARNING,330,3291.7795812328313,14.18381411577931,568.2056700420144,3.0603976361701717,2075.0579323823695,0.22015380859375,0.02892558757494401
105,Q_LEARNING,360,3297.6513201201706,14.209114610803105,570.7819037399095,3.0742734208287037,2072.4816958262745,0.22021484375,0.025835687989858136
105,Q_LEARNING,390,3294.814297887635,14.196890281987763,567.9889869689796,3.059230565161421,2075.2746095543844,0.2183837890625,0.022185755728151735
105,Q_LEARNING,420,3286.1882716661567,14.159721951161231,564.1477144734235,3.03854118825954,2079.115877284792,0.21826171875,0.02803306047112475
105,Q_LEARNING,450,3295.4579105880985,14.199663518372718,566.3311472420719,3.0503013181495033,2076.9324416007075,0.21905517578125,0.02970462543845631
105,Q_LEARNING,480,3289.0681616973015,14.172130991276957,566.5909193847037,3.0517004700643278,2076.6726640070992,0.2177734375,0.034340797484448515
105,Q_LEARNING,510,3306.6229883525666,14.247772264323482,568.2370721764892,3.060566770381927,2075.026505498674,0.2197265625,0.03120355286675025
105,Q_LEARNING,540,3308.9409867996,14.257760192822957,569.6515531157784,3.0681852690193803,2073.612020565248,0.21923828125,0.03237067924886805
105,Q_LEARNING,570,3306.1454524638175,14.24571462950545,566.228988821691,3.0497510853645586,2077.0345793824745,0.218017578125,0.02884761198961483
105,Q_LEARNING,600,3301.0040132534923,14.223560892826786,563.2387913131388,3.0336456610977107,2080.0247749099726,0.217529296875,0.022503159571801934
105,Q_LEARNING,630,3313.0580093486133,14.275499862537965,564.8859016965289,3.0425171190743017,2078.3776641167387,0.2169189453125,0.02257365157670188
105,Q_LEARNING,660,3315.532089655974,14.286160325767998,563.510077001345,3.035106825817964,2079.753487633534,0.2164306640625,0.0200696908177401
105,Q_LEARNING,690,3304.9454171327234,14.240543846453738,560.0086387741758,3.0162478213436996,2083.254922281023,0.21478271484375,0.018013413028801523
105,Q_LEARNING,720,3307.331613499933,14.2508256301762,566.4160857741736,3.050758803346447,2076.8474737404613,0.21636962890625,0.016673207609500196
105,Q_LEARNING,750,3322.463244003273,14.31602569264443,571.4150875119376,3.0776837953134093,2071.8484706268428,0.21630859375,0.01577740832031793
105,Q_LEARNING,780,3313.925723667504,14.279238721201196,570.7089823752613,3.073880660981765,2072.5545735788182,0.2152099609375,0.0187975143554171
105,Q_LEARNING,810,3324.2156051894417,14.32357636993462,570.5422590437811,3.0729826768248683,2072.721293969651,0.21612548828125,0.01635897657363561
105,Q_LEARNING,840,3324.021853805287,14.32274152253682,569.3318571991404,3.0664633632392073,2073.9316943770573,0.21612548828125,0.016295079312932614
105,Q_LEARNING,870,3330.76639485544,14.351802799025991,572.1867424457159,3.081839985685638,2071.076807684636,0.216796875,0.0158866594256315
105,Q_LEARNING,900,3332.8223485618946,14.360661613683343,571.2808170350618,3.076960604624362,2071.9827323400386,0.21575927734375,0.0175116468177956
105,Q_LEARNING,930,3338.8429611288957,14.386603584403474,568.2657190844184,3.0607210647403473,2074.9978278755952,0.2176513671875,0.017625400295105287
105,Q_LEARNING,960,3336.8007600489873,14.37780402787496,567.5746253193793,3.0569987827632223,2075.688918949003,0.21624755859375,0.01729018913427005
105,Q_LEARNING,990,3336.409032343654,14.376116128421387,567.4541123177914,3.0563496908505003,2075.809429613553,0.21588134765625,0.015594348087960785
105,Q_LEARNING,1020,3320.6666204514913,14.308284295061256,566.4132136901826,3.050743334090295,2076.850327247128,0.2161865234375,0.016276282215820004
105,Q_LEARNING,1050,3326.9606437749608,14.335404354183511,567.3083781262685,3.055564755749073,2075.9551613745134,0.216064453125,0.016353832320356254
105,Q_LEARNING,1080,3332.051045510234,14.357338177577821,565.3554439016298,3.0450461080132305,2077.9080939711857,0.2154541015625,0.01593142907659839
105,Q_LEARNING,1110,3327.630311012199,14.338289855894066,566.1095931085001,3.049108011249527,2077.1539429893237,0.215087890625,0.015331892049888163
105,Q_LEARNING,1140,3324.250250033132,14.323725649681592,565.0590598866256,3.043449761854189,2078.204475667866,0.21478271484375,0.014018471787798914
105,Q_LEARNING,1170,3316.4520010451815,14.290124094248094,566.146504323202,3.0493068177736036,2077.1170303530816,0.215087890625,0.014608508792908204
105,Q_LEARNING,1200,3322.8659730320196,14.317760995249545,564.6109886241247,3.041036416995289,2078.6525435480507,0.21484375,0.014888023257336402
105,Q_LEARNING,1230,3307.6291571806796,14.2521077039466,564.807478811606,3.042094727633502,2078.456051326604,0.21575927734375,0.016802106433137953
105,Q_LEARNING,1260,3314.0445674089715,14.2797508021277,565.3620260103489,3.045081559736132,2077.9015025059234,0.2149658203125,0.01593204999425435
105,Q_LEARNING,1290,3313.075111950733,14.275573555239246,565.9203054622121,3.048088494029269,2077.3432206642756,0.21539306640625,0.014989558641745226
105,Q_LEARNING,1320,3318.150332912439,14.297441966820552,564.6093170207023,3.0410274136159985,2078.654208415217,0.21539306640625,0.01515500360453892
105,Q_LEARNING,1350,3318.5867057826817,14.299322235995312,564.7414886728075,3.041739299880071,2078.522033874593,0.21380615234375,0.01569235059829388
105,Q_LEARNING,1380,3322.8398439775774,14.317648408837822,564.339178539507,3.039572427837297,2078.9243441731232,0.21453857421875,0.013114020890035438
105,Q_LEARNING,1410,3316.8167977751873,14.291695951925911,561.9791276835895,3.0268610199061556,2081.2843939902305,0.2144775390625,0.014656177660680392
105,Q_LEARNING,1440,3313.360650867995,14.27680390217631,561.9913509552571,3.026926855348655,2081.2721696498484,0.21417236328125,0.013640611195971708
105,Q_LEARNING,1470,3315.3892824170616,14.28554498950956,561.1063620760688,3.0221602399896343,2082.157156403715,0.21380615234375,0.013569158741304932
105,Q_LEARNING,1500,3316.4296605845375,14.290027832352903,562.6458710633451,3.030452148912639,2080.6176463688535,0.2137451171875,0.01386657384302703
105,Q_LEARNING,1530,3319.9347560964234,14.30513079473899,564.6454614563263,3.041222090211422,2078.6180531345453,0.21441650390625,0.01331807525397588
105,Q_LEARNING,1560,3316.954091985822,14.292287533322769,567.1398351186508,3.054656970682324,2076.123677918804,0.21649169921875,0.015100501123585353
105,Q_LEARNING,1590,3330.5411711445195,14.35083234180936,568.9911523078918,3.0646283015726605,2074.272359051698,0.2156982421875,0.01455861044653134
105,Q_LEARNING,1620,3316.1912180593354,14.289000417129222,564.692484723164,3.0414753609939265,2078.571025384641,0.21453857421875,0.014230910974042388
105,Q_LEARNING,1650,3317.786987290252,14.295876361761737,566.4522619250929,3.05095365076279,2076.811246673875,0.21453857421875,0.01578408841761103
105,Q_LEARNING,1680,3324.120165218519,14.323165132555758,569.2056268533634,3.065783477289107,2074.0578794944668,0.21533203125,0.015886218591058654
105,Q_LEARNING,1710,3315.0916822713334,14.284262672439517,566.1940421668551,3.049562860104779,2077.0694632688464,0.21441650390625,0.013785665602473518
105,Q_LEARNING,1740,3312.273402180952,14.27211910087231,563.3212483692405,3.0340897808819443,2079.942254300291,0.21282958984375,0.01179403992921868
105,Q_LEARNING,1770,3318.0369994924404,14.296953629092373,564.4662214029959,3.040256690067705,2078.7972809395396,0.21356201171875,0.013274033796651263
105,Q_LEARNING,1800,3302.714318011931,14.230930354899318,559.8009224588168,3.015129045952966,2083.462578213017,0.2113037109375,0.01126132147685599
105,FIXED,0,232.08000008761883,1.0,185.66400108486414,1.0,2457.60009765625,0.03167724609375,0
105,FIXED,30,232.7128535770753,1.0027268764616406,37.90515551064891,0.20415996256227964,2605.358947918401,0.03265380859375,0.027710760287328995
105,FIXED,60,244.24830308499804,1.0524315020371648,38.324420799504225,0.2064181563230813,2604.9396807157173,0.0341796875,0.027259477978160085
105,FIXED,90,396.2423265548423,1.7073523199122977,68.70803003663195,0.37006651604597585,2574.556046320169,0.04925537109375,0.03265245653295157
105,FIXED,120,722.2462982787692,3.1120574715877907,117.29337505512376,0.6317507668140296,2525.9706951219123,0.08642578125,0.057025813757151766
105,FIXED,150,1286.1250045783454,5.541731317187114,217.4734936389267,1.1713282724071152,2425.7905673684945,0.14508056640625,0.08931286565574359
105,FIXED,180,2045.597208520354,8.814189967890663,351.38785818548604,1.8926009141905333,2291.8760561383824,0.20166015625,0.14115618436727617
105,FIXED,210,2803.0097579868743,12.077773857844855,487.4487765078766,2.625435052889285,2155.81511763631,0.26129150390625,0.17178743615254444
105,FIXED,240,3264.6069591705746,14.066731118312926,576.3480579431616,3.1042531377944496,2066.915555492502,0.2530517578125,0.16677709014715525
105,FIXED,270,3310.148867082251,14.262964778664886,588.1741183125632,3.167949170952736,2055.089488059857,0.23211669921875,0.08633364239644026
105,FIXED,300,3297.403719616672,14.208047735142104,571.0755051018059,3.0758547794129254,2072.18809947517,0.22088623046875,0.041264784002892574
105,FIXED,330,3291.7795812328313,14.18381411577931,568.2056700420144,3.0603976361701717,2075.0579323823695,0.22015380859375,0.02892558757494401
105,FIXED,360,3297.6513201201706,14.209114610803105,570.7819037399095,3.0742734208287037,2072.4816958262745,0.22021484375,0.025835687989858136
105,FIXED,390,3304.1368856484914,14.23705999828101,569.3251176978956,3.066427063788558,2073.938480901481,0.218017578125,0.01865734452657608
105,FIXED,420,3306.9347748983273,14.24911570859116,564.0735189942352,3.038141565937739,2079.190077840831,0.21533203125,0.01690597047268838
105,FIXED,450,3308.8724107887683,14.257464708460644,564.4962667464424,3.0404185165029376,2078.767329535178,0.21466064453125,0.015030646252409241
105,FIXED,480,3295.978106466893,14.201904969073333,563.5780301076884,3.035472826259333,2079.6855638458037,0.21533203125,0.01637283193060135
105,FIXED,510,3304.9907427695507,14.24073914823248,562.7891475227534,3.031223846487673,2080.4744446906334,0.2156982421875,0.019024250136946197
105,FIXED,540,3303.2921866989054,14.233420309599232,563.5926888424001,3.0355517792853695,2079.670901325342,0.2137451171875,0.015361298435544235
105,FIXED,570,3295.9362889733457,14.201724783389379,561.9742427365272,3.026834709221081,2081.2893465245434,0.21368408203125,0.01397007818603413
105,FIXED,600,3292.1005117502937,14.185196960131865,560.2651633063069,3.017629481388901,2082.9984239687983,0.212158203125,0.012163332021824402
105,FIXED,630,3300.5402290719503,14.221562512176291,561.5065324809693,3.0243155872974716,2081.7570547420073,0.21343994140625,0.011615936201621935
105,FIXED,660,3305.3832973622575,14.242430610627165,562.9235309830547,3.031947645713781,2080.3400547786223,0.2149658203125,0.014983334227788192
105,FIXED,690,3299.115675523566,14.215424311780538,560.3639159804588,3.0181613705735297,2082.8996685238453,0.21417236328125,0.016500374015910424
105,FIXED,720,3311.211008192535,14.267541394960485,563.1537611581443,3.0331876824131108,2080.1098215603197,0.21624755859375,0.017834491950556086
105,FIXED,750,3305.896507059282,14.244641958855496,560.5158473509364,3.0189796841377627,2082.747733669905,0.21600341796875,0.01807112912729103
105,FIXED,780,3299.67818234663,14.217848074374693,560.5935415885615,3.0193981510304893,2082.6700375425644,0.2149658203125,0.02009834493389917
105,FIXED,810,3310.3380307051993,14.263779858046465,563.3434712768358,3.034209475100885,2079.9201066535607,0.21649169921875,0.01822535186236074
105,FIXED,840,3285.4623756212277,14.156594167445895,559.3527340524597,3.012715070148619,2083.9108426425373,0.2142333984375,0.016903228065588527
105,FIXED,870,3302.357130169541,14.229391282845478,562.337139623749,3.0287892986142926,2080.926436114718,0.21673583984375,0.018228082958983594
105,FIXED,900,3290.0790600117034,14.176486809589694,558.5267267268209,3.0082661337860914,2084.73684606592,0.21307373046875,0.016109394143286604
105,FIXED,930,3309.3945308052207,14.259714449999144,563.1812685285404,3.0333358391383527,2080.0823019780946,0.21405029296875,0.013879046107691195
105,FIXED,960,3305.6004580469344,14.243366325400498,564.2233750327141,3.0389487016108006,2079.0401924532816,0.21380615234375,0.014007358182060115
105,FIXED,990,3283.805641154824,14.149455532209004,561.2565145748085,3.0229689724195206,2082.0070525252304,0.21270751953125,0.013502281440769481
105,FIXED,1020,3299.9380617390157,14.21896785803674,563.7487410664617,3.036392288070862,2079.5148237277026,0.21484375,0.014245217806540839
105,FIXED,1050,3298.774785167514,14.213955463297587,561.4170112344727,3.023833419262885,2081.8465523727573,0.2139892578125,0.014750057327860805
105,FIXED,1080,3299.20154255355,14.215794300706563,563.0106284129433,3.0324167588933943,2080.252935288285,0.2147216796875,0.012977908712695885
105,FIXED,1110,3300.692987622253,14.2222207272325,562.7070364278625,3.030781590076031,2080.556526022003,0.2130126953125,0.011822821567841535
105,FIXED,1140,3309.8188743688806,14.261542886587819,560.8961185982917,3.021027853115773,2082.3674426527214,0.2125244140625,0.0106054275587939
105,FIXED,1170,3302.0478848372077,14.228058788308177,561.2537614445318,3.022954143856845,2082.0097988637935,0.2130126953125,0.011740704086813825
105,FIXED,1200,3299.7551876910147,14.218179879546856,560.8990588648885,3.021043689608468,2082.364499274405,0.213134765625,0.014272759609813779
105,FIXED,1230,3299.2493455439544,14.21600027705259,562.0692149029055,3.0273462363120807,2081.1943417633156,0.21417236328125,0.014709119530396997
105,FIXED,1260,3308.4282015305944,14.25555067339512,565.3114424485248,3.0448091129423074,2077.952112676019,0.21539306640625,0.01362636654927929
105,FIXED,1290,3306.767962164682,14.248396936040393,561.8141568865685,3.025972475029082,2081.449396376731,0.2138671875,0.014058435633279132
105,FIXED,1320,3297.3391037572437,14.207769314513856,561.1167366700683,3.0222161183178993,2082.146815179134,0.2139892578125,0.015162921617242198
105,FIXED,1350,3305.2273139339813,14.241758500026435,563.4130025346094,3.0345839755822244,2079.850548818711,0.215576171875,0.016330377859916645
105,FIXED,1380,3296.620765294001,14.204674095352482,561.930112859467,3.0265970224492658,2081.3334354966864,0.21478271484375,0.015766663770475753
105,FIXED,1410,3300.203288584591,14.220110683120655,560.9917825612574,3.021543106274203,2082.2717637375245,0.215576171875,0.015702671757194087
105,FIXED,1440,3298.53425642838,14.212919058872203,564.0680018978892,3.0381118504500098,2079.1955421146085,0.2154541015625,0.014966238754566263
105,FIXED,1470,3308.963603437369,14.257857644726439,561.682036034952,3.0252608623801867,2081.581506961673,0.215576171875,0.01639250587696306
105,FIXED,1500,3317.8344294820567,14.296080783477468,561.7721314075752,3.025746122700425,2081.491408193062,0.21527099609375,0.015688070782295532
105,FIXED,1530,3315.337414224632,14.28532149678115,563.8218156933872,3.0367858733997277,2079.441720258066,0.2159423828125,0.016039804416690256
105,FIXED,1560,3304.7076665265777,14.239519412611719,559.3742078798969,3.0128307297665935,2083.8893246747066,0.2158203125,0.016177983045269073
105,FIXED,1590,3304.639258934534,14.239224653942218,560.0804189205082,3.0166344345046414,2083.1831148324854,0.21533203125,0.015952420914674192
105,FIXED,1620,3310.721202326673,14.265430890540989,561.6850562790205,3.0252771296374408,2081.578477644827,0.21612548828125,0.016474049200377427
105,FIXED,1650,3309.1406766296423,14.25862062814684,561.2960786168987,3.0231820672675207,2081.9674536811144,0.21551513671875,0.015678136820495014
105,FIXED,1680,3301.141584044193,14.224153665968156,559.5131315081962,3.0135789826723136,2083.750399178527,0.2147216796875,0.016343227005989225
105,FIXED,1710,3299.631584100007,14.217647289099764,559.7590627136815,3.0149035862790887,2083.504465782811,0.21356201171875,0.013973854927668339
105,FIXED,1740,3302.5492511940065,14.230219105253237,559.3790058133891,3.0128565717901643,2083.8845217548587,0.2144775390625,0.014373058316343279
105,FIXED,1770,3294.9838617786518,14.197620908887767,561.2647597983305,3.0230133818013813,2081.9987652582095,0.21514892578125,0.014259033739092652
105,FIXED,1800,3306.0982320741896,14.245511163504027,561.3736412285562,3.023599825213079,2081.889882281179,0.2169189453125,0.017528637124146318
106,Q_LEARNING,0,232.08000008761883,1.0,185.66400108486414,1.0,2457.60009765625,0.03167724609375,0
106,Q_LEARNING,30,223.06939027796034,0.9611745527134753,36.00406955379003,0.19392057341979357,2607.2600019962847,0.03173828125,0.026945344662728132
106,Q_LEARNING,60,230.77380362793338,0.9943717836125805,37.25597270889898,0.2006634161237851,2606.008098553255,0.0321044921875,0.027028370115914413
106,Q_LEARNING,90,233.00327599607408,1.0039782657191774,38.00226428155656,0.2046829975628195,2605.261804441994,0.0322265625,0.02799146397318708
106,Q_LEARNING,120,231.94778748089448,0.9994303145179488,37.91481641839118,0.2042119969237381,2605.339461864147,0.03338623046875,0.027976961780723286
106,Q_LEARNING,150,230.99126433231868,0.9953087911285371,37.96800922455259,0.20449849729995853,2605.2860989917826,0.03485107421875,0.027882003675003375
106,Q_LEARNING,180,229.27107608909137,0.9878967425134997,37.70701604083209,0.20309276876779572,2605.547090533015,0.031005859375,0.02632705630637666
106,Q_LEARNING,210,235.95476774996496,1.016695827563268,37.33653855139164,0.20109734969206922,2605.9175664010836,0.03167724609375,0.026819813706012496
106,Q_LEARNING,240,239.09459567740123,1.0302249034261208,39.10307414269664,0.21061204064445013,2604.151030104811,0.03338623046875,0.02821170885727975
106,Q_LEARNING,270,236.92614473903086,1.020881354057146,39.055194472726726,0.2103541572115275,2604.1989073490695,0.032470703125,0.026494794564559943
106,Q_LEARNING,300,256.2960360121797,1.1043434846407205,41.14597805478661,0.2216152717509272,2602.1081160981703,0.03466796875,0.027943212501615022
106,Q_LEARNING,330,260.06775133727933,1.1205952742118843,45.105024204702204,0.2429389862393701,2598.1490612111666,0.0350341796875,0.029815418095219925
106,Q_LEARNING,360,154.48074678374542,0.6656357580378456,28.095639877428766,0.15132518804540188,2615.1584463252366,0.02264404296875,0.024262745443276668
106,Q_LEARNING,390,74.9029732211493,0.3227463512274674,15.039235336706042,0.08100243045948277,2628.2148511513224,0.0106201171875,0.013798647844507794
106,Q_LEARNING,420,76.65618412371259,0.3303006898258016,15.510118942111148,0.08353864427935986,2627.7439680247335,0.01055908203125,0.009108861393052337
106,Q_LEARNING,450,79.22375149372965,0.3413639756283167,15.77128192037344,0.08494528733744476,2627.4828048962663,0.0115966796875,0.009362273674291544
106,Q_LEARNING,480,80.385087962728,0.34636801073931245,16.32483417504409,0.08792676059793766,2626.9292521826137,0.0111083984375,0.009555135430815653
106,Q_LEARNING,510,79.46355970244622,0.3423972753897181,15.91492959036259,0.08571898428003888,2627.339156089889,0.01129150390625,0.00971418322864892
106,Q_LEARNING,540,75.68125040124869,0.3260998378691667,15.630443990630738,0.08418672386299757,2627.623641442726,0.010986328125,0.009380401390664872
106,Q_LEARNING,570,76.73669571708888,0.33064760293053225,12.987465540907579,0.06995144704961523,2630.2666191089666,0.011474609375,0.009194782585208117
106,Q_LEARNING,600,77.36043613735819,0.33333521246187414,12.90020201090374,0.06948143924253393,2630.353881993462,0.0108642578125,0.008831147640389503
106,Q_LEARNING,630,3.680238552391529,0.01585762905464539,1.219072257168591,0.006566013066859267,2642.0350125320256,0.0009765625,0.004756325383798554
106,Q_LEARNING,660,0,0.0,0,0.0,2643.2540848255157,0,0.0002246239350824908
106,Q_LEARNING,690,0,0.0,0,0.0,2643.2540848255157,0,0
106,Q_LEARNING,720,0,0.0,0,0.0,2643.2540848255157,0,0
106,Q_LEARNING,750,0,0.0,0,0.0,2643.2540848255157,0,0
106,Q_LEARNING,780,0,0.0,0,0.0,2643.2540848255157,0,0
106,Q_LEARNING,810,0,0.0,0,0.0,2643.2540848255157,0,0
106,Q_LEARNING,840,0,0.0,0,0.0,2643.2540848255157,0,0
106,Q_LEARNING,870,0,0.0,0,0.0,2643.2540848255157,0,0
106,Q_LEARNING,900,0,0.0,0,0.0,2643.2540848255157,0,0
106,Q_LEARNING,930,0,0.0,0,0.0,2643.2540848255157,0,0
106,Q_LEARNING,960,0,0.0,0,0.0,2643.2540848255157,0,0
106,Q_LEARNING,990,0,0.0,0,0.0,2643.2540848255157,0,0
106,Q_LEARNING,1020,0,0.0,0,0.0,2643.2540848255157,0,0
106,Q_LEARNING,1050,0,0.0,0,0.0,2643.2540848255157,0,0
106,Q_LEARNING,1080,0,0.0,0,0.0,2643.2540848255157,0,0
106,Q_LEARNING,1110,0,0.0,0,0.0,2643.2540848255157,0,0
106,Q_LEARNING,1140,0,0.0,0,0.0,2643.2540848255157,0,0
106,Q_LEARNING,1170,0,0.0,0,0.0,2643.2540848255157,0,0
106,Q_LEARNING,1200,0,0.0,0,0.0,2643.2540848255157,0,0
106,Q_LEARNING,1230,0,0.0,0,0.0,2643.2540848255157,0,0
106,Q_LEARNING,1260,0,0.0,0,0.0,2643.2540848255157,0,0
106,Q_LEARNING,1290,0,0.0,0,0.0,2643.2540848255157,0,0
106,Q_LEARNING,1320,0,0.0,0,0.0,2643.2540848255157,0,0
106,Q_LEARNING,1350,0,0.0,0,0.0,2643.2540848255157,0,0
106,Q_LEARNING,1380,0,0.0,0,0.0,2643.2540848255157,0,0
106,Q_LEARNING,1410,0,0.0,0,0.0,2643.2540848255157,0,0
106,Q_LEARNING,1440,0,0.0,0,0.0,2643.2540848255157,0,0
106,Q_LEARNING,1470,0,0.0,0,0.0,2643.2540848255157,0,0
106,Q_LEARNING,1500,0,0.0,0,0.0,2643.2540848255157,0,0
106,Q_LEARNING,1530,0,0.0,0,0.0,2643.2540848255157,0,0
106,Q_LEARNING,1560,0,0.0,0,0.0,2643.2540848255157,0,0
106,Q_LEARNING,1590,0,0.0,0,0.0,2643.2540848255157,0,0
106,Q_LEARNING,1620,0,0.0,0,0.0,2643.2540848255157,0,0
106,Q_LEARNING,1650,0,0.0,0,0.0,2643.2540848255157,0,0
106,Q_LEARNING,1680,0,0.0,0,0.0,2643.2540848255157,0,0
106,Q_LEARNING,1710,0,0.0,0,0.0,2643.2540848255157,0,0
106,Q_LEARNING,1740,0,0.0,0,0.0,2643.2540848255157,0,0
106,Q_LEARNING,1770,0,0.0,0,0.0,2643.2540848255157,0,0
106,Q_LEARNING,1800,0,0.0,0,0.0,2643.2540848255157,0,0
106,FIXED,0,232.08000008761883,1.0,185.66400108486414,1.0,2457.60009765625,0.03167724609375,0
106,FIXED,30,223.06939027796034,0.9611745527134753,36.00406955379003,0.19392057341979357,2607.2600019962847,0.03173828125,0.026945344662728132
106,FIXED,60,230.77380362793338,0.9943717836125805,37.25597270889898,0.2006634161237851,2606.008098553255,0.0321044921875,0.027028370115914413
106,FIXED,90,233.00327599607408,1.0039782657191774,38.00226428155656,0.2046829975628195,2605.261804441994,0.0322265625,0.02799146397318708
106,FIXED,120,231.94778748089448,0.9994303145179488,37.91481641839118,0.2042119969237381,2605.339461864147,0.03338623046875,0.027976961780723286
106,FIXED,150,230.99126433231868,0.9953087911285371,37.96800922455259,0.20449849729995853,2605.2860989917826,0.03485107421875,0.027882003675003375
106,FIXED,180,229.27107608909137,0.9878967425134997,37.70701604083209,0.20309276876779572,2605.547090533015,0.031005859375,0.02632705630637666
106,FIXED,210,235.95476774996496,1.016695827563268,37.33653855139164,0.20109734969206922,2605.9175664010836,0.03167724609375,0.026819813706012496
106,FIXED,240,239.09459567740123,1.0302249034261208,39.10307414269664,0.21061204064445013,2604.151030104811,0.03338623046875,0.02821170885727975
106,FIXED,270,236.92614473903086,1.020881354057146,39.055194472726726,0.2103541572115275,2604.1989073490695,0.032470703125,0.026494794564559943
106,FIXED,300,256.2960360121797,1.1043434846407205,41.14597805478661,0.2216152717509272,2602.1081160981703,0.03466796875,0.027943212501615022
106,FIXED,330,260.06775133727933,1.1205952742118843,45.105024204702204,0.2429389862393701,2598.1490612111666,0.0350341796875,0.029815418095219925
106,FIXED,360,154.48074678374542,0.6656357580378456,28.095639877428766,0.15132518804540188,2615.1584463252366,0.02264404296875,0.024262745443276668
106,FIXED,390,74.63381198789284,0.321586573421733,12.20684917474864,0.06574698974180287,2631.0472358311235,0.0106201171875,0.013776082238190046
106,FIXED,420,77.18302736245096,0.3325707830632174,12.685428329532442,0.06832465235807414,2630.5686567849334,0.01055908203125,0.009082882529216185
106,FIXED,450,79.70991461380618,0.3434587839698066,13.065454933501314,0.07037150366876613,2630.188630071396,0.0115966796875,0.009369103764374387
106,FIXED,480,79.16762996464968,0.34112215587194483,12.847877653606702,0.06919961639593308,2630.406206507323,0.01116943359375,0.00953298557360327
106,FIXED,510,76.66831040382385,0.3303529402571472,12.043946428355412,0.06486958353790033,2631.21013726003,0.0106201171875,0.009468777269034945
106,FIXED,540,78.66647131042555,0.33896273388799564,12.884866182983387,0.06939883934254931,2630.369217464686,0.01177978515625,0.009349606190227178
106,FIXED,570,83.60865518450737,0.36025790741529645,13.751354655050818,0.07406581014466712,2629.50272889185,0.01177978515625,0.009784205261183843
106,FIXED,600,81.30602248350624,0.350336187749096,13.028315815216047,0.07017146963918441,2630.2256305036426,0.01129150390625,0.0093888824203745
106,FIXED,630,4.7159451469779015,0.02032034274904109,1.6138857686892152,0.008692507751955281,2641.6400599628687,0.001220703125,0.0048443676534830615
106,FIXED,660,0,0.0,0,0.0,2643.2539456784725,0,0.00028783844891222543
106,FIXED,690,0,0.0,0,0.0,2643.2539456784725,0,0
106,FIXED,720,0,0.0,0,0.0,2643.2539456784725,0,0
106,FIXED,750,0,0.0,0,0.0,2643.2539456784725,0,0
106,FIXED,780,0,0.0,0,0.0,2643.2539456784725,0,0
106,FIXED,810,0,0.0,0,0.0,2643.2539456784725,0,0
106,FIXED,840,0,0.0,0,0.0,2643.2539456784725,0,0
106,FIXED,870,0,0.0,0,0.0,2643.2539456784725,0,0
106,FIXED,900,0,0.0,0,0.0,2643.2539456784725,0,0
106,FIXED,930,0,0.0,0,0.0,2643.2539456784725,0,0
106,FIXED,960,0,0.0,0,0.0,2643.2539456784725,0,0
106,FIXED,990,0,0.0,0,0.0,2643.2539456784725,0,0
106,FIXED,1020,0,0.0,0,0.0,2643.2539456784725,0,0
106,FIXED,1050,0,0.0,0,0.0,2643.2539456784725,0,0
106,FIXED,1080,0,0.0,0,0.0,2643.2539456784725,0,0
106,FIXED,1110,0,0.0,0,0.0,2643.2539456784725,0,0
106,FIXED,1140,0,0.0,0,0.0,2643.2539456784725,0,0
106,FIXED,1170,0,0.0,0,0.0,2643.2539456784725,0,0
106,FIXED,1200,0,0.0,0,0.0,2643.2539456784725,0,0
106,FIXED,1230,0,0.0,0,0.0,2643.2539456784725,0,0
106,FIXED,1260,0,0.0,0,0.0,2643.2539456784725,0,0
106,FIXED,1290,0,0.0,0,0.0,2643.2539456784725,0,0
106,FIXED,1320,0,0.0,0,0.0,2643.2539456784725,0,0
106,FIXED,1350,0,0.0,0,0.0,2643.2539456784725,0,0
106,FIXED,1380,0,0.0,0,0.0,2643.2539456784725,0,0
106,FIXED,1410,0,0.0,0,0.0,2643.2539456784725,0,0
106,FIXED,1440,0,0.0,0,0.0,2643.2539456784725,0,0
106,FIXED,1470,0,0.0,0,0.0,2643.2539456784725,0,0
106,FIXED,1500,0,0.0,0,0.0,2643.2539456784725,0,0
106,FIXED,1530,0,0.0,0,0.0,2643.2539456784725,0,0
106,FIXED,1560,0,0.0,0,0.0,2643.2539456784725,0,0
106,FIXED,1590,0,0.0,0,0.0,2643.2539456784725,0,0
106,FIXED,1620,0,0.0,0,0.0,2643.2539456784725,0,0
106,FIXED,1650,0,0.0,0,0.0,2643.2539456784725,0,0
106,FIXED,1680,0,0.0,0,0.0,2643.2539456784725,0,0
106,FIXED,1710,0,0.0,0,0.0,2643.2539456784725,0,0
106,FIXED,1740,0,0.0,0,0.0,2643.2539456784725,0,0
106,FIXED,1770,0,0.0,0,0.0,2643.2539456784725,0,0
106,FIXED,1800,0,0.0,0,0.0,2643.2539456784725,0,0
106,RANDOM,0,232.08000008761883,1.0,185.66400108486414,1.0,2457.60009765625,0.03167724609375,0
106,RANDOM,30,223.06939027796034,0.9611745527134753,36.00406955379003,0.19392057341979357,2607.2600019962847,0.03173828125,0.026945344662728132
106,RANDOM,60,230.77380362793338,0.9943717836125805,37.25597270889898,0.2006634161237851,2606.008098553255,0.0321044921875,0.027028370115914413
106,RANDOM,90,233.00327599607408,1.0039782657191774,38.00226428155656,0.2046829975628195,2605.261804441994,0.0322265625,0.02799146397318708
106,RANDOM,120,231.94778748089448,0.9994303145179488,37.91481641839118,0.2042119969237381,2605.339461864147,0.03338623046875,0.027976961780723286
106,RANDOM,150,230.99126433231868,0.9953087911285371,37.96800922455259,0.20449849729995853,2605.2860989917826,0.03485107421875,0.027882003675003375
106,RANDOM,180,229.27107608909137,0.9878967425134997,37.70701604083209,0.20309276876779572,2605.547090533015,0.031005859375,0.02632705630637666
106,RANDOM,210,237.85991178912445,1.024904824626523,39.99035375268795,0.21539099404848536,2603.2574826868513,0.03045654296875,0.027033444289182418
106,RANDOM,240,230.5629416697193,0.993463209163535,39.688575676917026,0.21376559508041623,2603.559259899863,0.03076171875,0.027712637648970917
106,RANDOM,270,231.05287534347735,0.9955742642892378,40.543543504099944,0.21837051483969752,2602.7041657483933,0.02972412109375,0.02564869428276495
106,RANDOM,300,260.9474399915198,1.1243857285979078,45.86875945573047,0.24705252061633945,2597.378947233461,0.03765869140625,0.028270232035303877
106,RANDOM,330,222.49580050562508,0.9587030352534671,39.264217725856724,0.21147997186546497,2603.983447343344,0.0322265625,0.027243678609771393
106,RANDOM,360,252.78199733249494,1.089201987405465,43.11517516097592,0.23222151256596396,2600.1324358958664,0.0352783203125,0.024992579581146757
106,RANDOM,390,157.0843194144545,0.6768541854323912,30.2514194531841,0.1629363757994025,2612.996191778744,0.01904296875,0.024623837754747413
106,RANDOM,420,131.10767054272583,0.5649244678267313,29.28558457152394,0.1577343179097921,2613.9620264205732,0.0191650390625,0.01659709877055704
106,RANDOM,450,75.5990919804899,0.3257458288174269,15.596609098762201,0.08400448664053746,2627.651001800419,0.01043701171875,0.012382503679877033
106,RANDOM,480,76.36332190679968,0.3290387878230338,19.41450524024549,0.10456795677569945,2623.833105430793,0.0103759765625,0.0091944096829355
106,RANDOM,510,76.79515567200724,0.33089949863415297,15.527430434322014,0.08363188525289114,2627.720179523021,0.01116943359375,0.009107109949242798
106,RANDOM,540,79.3582923503127,0.34194369321075485,15.819703565328382,0.08520608988759991,2627.427905865443,0.01055908203125,0.009316446796184152
106,RANDOM,570,78.71889559109695,0.3391886227222408,15.677227052146918,0.08443870088192865,2627.5703811778876,0.01171875,0.009114842242723853
106,RANDOM,600,74.00584920478286,0.3188807703242111,15.387978508993001,0.08288078690041477,2627.859629559156,0.01092529296875,0.009122224155337477
106,RANDOM,630,79.21148277574684,0.34131111145226456,15.102547673639492,0.08134343537461713,2628.145060771043,0.0106201171875,0.00883059755188853
106,RANDOM,660,76.35403888084693,0.32899878857299397,15.37756900273962,0.08282472053217668,2627.870039589994,0.01123046875,0.009325572822096007
106,RANDOM,690,75.80584163218737,0.3266366839174761,14.612810801681917,0.07870567647092032,2628.634796849219,0.01007080078125,0.009088256250873172
106,RANDOM,720,76.18030581995845,0.32825019730781435,14.880361900230128,0.08014672641590087,2628.3672452364845,0.01007080078125,0.008895673726669884
106,RANDOM,750,77.24293685751036,0.3328289246309388,13.553934181598265,0.07300248891761722,2629.6936730528832,0.011474609375,0.009167174282509905
106,RANDOM,780,79.5054235048301,0.3425776606119177,13.989038253945182,0.07534599153419627,2629.258569440135,0.01177978515625,0.00913968087891881
106,RANDOM,810,81.42933089262806,0.35086750629905833,14.055802672424761,0.07570558961508145,2629.1918046299834,0.0107421875,0.009183531927176247
106,RANDOM,840,76.10420599387726,0.32792229388635424,13.207552365740412,0.07113685091652983,2630.040055055666,0.01104736328125,0.009161896659133362
106,RANDOM,870,76.15693369123619,0.32814949010032796,13.329336842754856,0.07179279108965352,2629.9182705398125,0.010498046875,0.008935865573793222
106,RANDOM,900,77.62288351444295,0.33446606120793443,13.074762572388863,0.07042163529812434,2630.1728450781666,0.01080322265625,0.00922631609482849
106,RANDOM,930,75.07549153943546,0.3234897083380372,13.787378833134426,0.07425983902411123,2629.460228493801,0.0111083984375,0.009045817956081947
106,RANDOM,960,68.52646509296028,0.2952708767110005,11.743020590271044,0.06324877478485176,2631.504586355615,0.00836181640625,0.007024908764119431
106,RANDOM,990,0,0.0,0,0.0,2643.247606381774,0,0.004182523504209001
106,RANDOM,1020,0,0.0,0,0.0,2643.247606381774,0,0
106,RANDOM,1050,0,0.0,0,0.0,2643.247606381774,0,0
106,RANDOM,1080,0,0.0,0,0.0,2643.247606381774,0,0
106,RANDOM,1110,0,0.0,0,0.0,2643.247606381774,0,0
106,RANDOM,1140,0,0.0,0,0.0,2643.247606381774,0,0
106,RANDOM,1170,0,0.0,0,0.0,2643.247606381774,0,0
106,RANDOM,1200,0,0.0,0,0.0,2643.247606381774,0,0
106,RANDOM,1230,0,0.0,0,0.0,2643.247606381774,0,0
106,RANDOM,1260,0,0.0,0,0.0,2643.247606381774,0,0
106,RANDOM,1290,0,0.0,0,0.0,2643.247606381774,0,0
106,RANDOM,1320,0,0.0,0,0.0,2643.247606381774,0,0
106,RANDOM,1350,0,0.0,0,0.0,2643.247606381774,0,0
106,RANDOM,1380,0,0.0,0,0.0,2643.247606381774,0,0
106,RANDOM,1410,0,0.0,0,0.0,2643.247606381774,0,0
106,RANDOM,1440,0,0.0,0,0.0,2643.247606381774,0,0
106,RANDOM,1470,0,0.0,0,0.0,2643.247606381774,0,0
106,RANDOM,1500,0,0.0,0,0.0,2643.247606381774,0,0
106,RANDOM,1530,0,0.0,0,0.0,2643.247606381774,0,0
106,RANDOM,1560,0,0.0,0,0.0,2643.247606381774,0,0
106,RANDOM,1590,0,0.0,0,0.0,2643.247606381774,0,0
106,RANDOM,1620,0,0.0,0,0.0,2643.247606381774,0,0
106,RANDOM,1650,0,0.0,0,0.0,2643.247606381774,0,0
106,RANDOM,1680,0,0.0,0,0.0,2643.247606381774,0,0
106,RANDOM,1710,0,0.0,0,0.0,2643.247606381774,0,0
106,RANDOM,1740,0,0.0,0,0.0,2643.247606381774,0,0
106,RANDOM,1770,0,0.0,0,0.0,2643.247606381774,0,0
106,RANDOM,1800,0,0.0,0,0.0,2643.247606381774,0,0
107,FIXED,0,232.08000008761883,1.0,185.66400108486414,1.0,2457.60009765625,0.03167724609375,0
107,FIXED,30,231.1379246301076,0.9959407296744417,37.63329045188584,0.20269567730948687,2605.630551703216,0.03265380859375,0.027610887695205477
107,FIXED,60,236.74276329442728,1.0200911892668394,38.21605730344163,0.20583450254297633,2605.047783044487,0.03314208984375,0.028074720861210656
107,FIXED,90,234.04687892916263,1.008475003622894,38.69834294086195,0.2084321285480298,2604.565471844602,0.03338623046875,0.028143597607820814
107,FIXED,120,231.1954965228215,0.996188798843229,41.13613831317707,0.22156227417707314,2602.1276722820185,0.0313720703125,0.02664517454220494
107,FIXED,150,227.39816805551527,0.9798266458534299,35.9800652612912,0.1937912845304097,2607.2837431847147,0.03167724609375,0.026600735175367873
107,FIXED,180,227.56470539496513,0.9805442317694373,39.03555873810183,0.21024839769697345,2604.2282259493804,0.032470703125,0.025902371547836367
107,FIXED,210,291.6467650839477,1.2566647922002765,46.502100821060594,0.2504637439101897,2596.761681932039,0.03851318359375,0.02755714095207651
107,FIXED,240,468.02269204820914,2.016643794689388,76.02075390262144,0.40945338600062553,2567.243026629745,0.0526123046875,0.038665848312080975
107,FIXED,270,764.4686769078689,3.2939877482732403,122.71270850146163,0.6609396963570313,2520.5510689920047,0.094970703125,0.05837238870625505
107,FIXED,300,1285.10200245343,5.537323345261359,209.17584650265508,1.126636533094232,2434.087500137015,0.1478271484375,0.09700996836622666
107,FIXED,330,2066.3669243803297,8.903683745261114,348.2319539032378,1.8756029810219719,2295.031276709735,0.21466064453125,0.14053248093346987
107,FIXED,360,2885.006928056946,12.431088103101295,492.1487432032409,2.6507494200681765,2151.114336151113,0.26092529296875,0.1734762997554276
107,FIXED,390,3317.6216480076764,14.29516393810389,580.2599133600075,3.1253226795149143,2063.0031055698055,0.25946044921875,0.15142114205155155
107,FIXED,420,3354.977605951388,14.456125494160458,578.5655899462108,3.1161969286752442,2064.697418707983,0.231201171875,0.09708260323989382
107,FIXED,450,3356.2340707557123,14.461539423856468,573.9433149053584,3.091301014476241,2069.3196903747157,0.226318359375,0.050126197184403476
107,FIXED,480,3348.2543610332614,14.427155979701702,570.6827310311637,3.073739269306781,2072.5802709361596,0.22247314453125,0.03506142635852205
107,FIXED,510,3345.5514731718868,14.415509616980424,571.0146804935503,3.075527173587885,2072.248321030842,0.221435546875,0.028841521318677232
107,FIXED,540,3360.751732110948,14.481005389702428,571.0616284509742,3.0757800387483343,2072.201370942006,0.22015380859375,0.02256931350314062
107,FIXED,570,3355.890462028765,14.460058862296584,570.3689092028799,3.072049001799617,2072.894088292156,0.21923828125,0.01979488932774487
107,FIXED,600,3354.16024432634,14.452603598155894,569.1984412916936,3.065744775324118,2074.064555019766,0.21917724609375,0.018282436734272878
107,FIXED,630,3344.776168615457,14.412168938955014,566.700112429171,3.052288591853308,2076.5628805564265,0.21905517578125,0.018669584884301593
107,FIXED,660,3343.7286391143134,14.407655282023144,566.1152469521476,3.049138463268305,2077.1477442125433,0.21734619140625,0.017025004877548766
107,FIXED,690,3342.6946011367654,14.403199758164314,566.2266854931659,3.0497386794672834,2077.036304796784,0.2178955078125,0.016869332381595603
107,FIXED,720,3344.560174436767,14.411238250491516,565.8023043405992,3.0474529312873084,2077.460684008918,0.21856689453125,0.017438666824551197
107,FIXED,750,3347.013598016958,14.421809706796518,567.5702619539225,3.056975281355134,2075.692725445595,0.21990966796875,0.016918181658792886
107,FIXED,780,3344.7403155801912,14.412014453280884,566.3654375293991,3.0504860081654828,2076.8975490133525,0.218505859375,0.01726529486126105
107,FIXED,810,3332.8636770720477,14.36083969240679,564.364926297596,3.0397111071609055,2078.8980587488404,0.21942138671875,0.020611841967961064
107,FIXED,840,3331.6942215177187,14.355800673301793,562.8023020980618,3.031294698000252,2080.460680373144,0.21868896484375,0.01806953891765639
107,FIXED,870,3332.0101624942035,14.35716201842574,563.9505038916104,3.037478997524336,2079.312476586849,0.21893310546875,0.015572177175028568
107,FIXED,900,3346.33227754524,14.41887399294155,563.429459481209,3.0346726139100824,2079.8335195026157,0.21868896484375,0.014947052088995605
107,FIXED,930,3329.445067310622,14.346109384926029,560.9650508719351,3.02139912742442,2082.2979273096826,0.2176513671875,0.015843526434134114
107,FIXED,960,3347.7519277869287,14.424991065680059,563.9645711239937,3.0375547646752166,2079.298404147241,0.2188720703125,0.015184733755050361
107,FIXED,990,3347.381274666681,14.423393973642364,562.7859559011704,3.031206656178489,2080.4770176391903,0.21832275390625,0.016800362489021836
107,FIXED,1020,3355.644498055917,14.45899903821543,564.0776927437546,3.0381640460604067,2079.185279550802,0.21807861328125,0.014829073371250168
107,FIXED,1050,3358.858978847995,14.4728497827469,565.6966294094891,3.046883758316282,2077.5663417856813,0.218017578125,0.014425231481764111
107,FIXED,1080,3364.56368812226,14.497430570717047,566.6533035746979,3.052036475911609,2076.6096634888454,0.21923828125,0.014386662854451782
107,FIXED,1110,3348.0021060259687,14.426069048440079,564.723895074756,3.041644539463681,2078.539071537165,0.21966552734375,0.01687940235185309
107,FIXED,1140,3354.699355300183,14.454926551334278,566.3463974399492,3.050383456839762,2076.9165676273224,0.21978759765625,0.019092847585279127
107,FIXED,1170,3347.190835402762,14.422573397703692,566.6706472834485,3.0521298904057987,2076.5923158537444,0.2196044921875,0.020030181202910335
107,FIXED,1200,3358.2185819243987,14.470090402691081,566.2984318489325,3.0501251106297462,2076.9645300937373,0.21954345703125,0.018056296273679773
107,FIXED,1230,3358.7307978551107,14.47229746892048,565.1116990502342,3.043733280270796,2078.1512609340243,0.21923828125,0.01827021494171388
107,FIXED,1260,3354.2773883602204,14.45310835528204,565.2772699616835,3.0446250574084313,2077.9856870766307,0.218994140625,0.018321527166966334
107,FIXED,1290,3363.2491354724043,14.491766348684301,565.2375427990773,3.0444110839813048,2078.0254135227115,0.219482421875,0.015688998395025244
107,FIXED,1320,3366.060523431748,14.503880223030572,568.6185496498802,3.0626214361823076,2074.6444057249682,0.2200927734375,0.01720780637200292
107,FIXED,1350,3365.696073235711,14.502309858518768,565.2493393207696,3.04447462091697,2078.0136137201043,0.219482421875,0.016358302028457672
107,FIXED,1380,3373.3627747812934,14.535344594569647,566.3979674100701,3.050661216501407,2076.8649851234586,0.22027587890625,0.016182758851840173
107,FIXED,1410,3354.628764639886,14.454622386131458,563.1212243909686,3.0330124369859646,2080.141727705348,0.21856689453125,0.01523986574847895
107,FIXED,1440,3350.6965193068463,14.437678895388805,562.8489387160371,3.031545886263474,2080.414012375022,0.2186279296875,0.015530431403456155
107,FIXED,1470,3365.51458994914,14.501527872623807,564.5279221754463,3.0405890149777033,2078.7350282297484,0.218994140625,0.013918585958392793
107,FIXED,1500,3356.944840492273,14.464602030441666,563.093235115608,3.03286168468505,2080.1697131288965,0.2193603515625,0.019275248653551902
107,FIXED,1530,3356.6676005466215,14.463407442603218,561.3343822107418,3.0233883732483204,2081.928565119608,0.21734619140625,0.015140385880130669
107,FIXED,1560,3351.591128605447,14.441533640727751,562.6389313837572,3.030414771286673,2080.6240136238994,0.21832275390625,0.014761498804018114
107,FIXED,1590,3349.874354050742,14.43413630121527,564.6835247264244,3.041427101790811,2078.579418463436,0.21771240234375,0.015597099617093768
107,FIXED,1620,3360.514441293275,14.479982937024111,563.7155177440873,3.0362133448067925,2079.5474239885443,0.21722412109375,0.013145057061271226
107,FIXED,1650,3363.354447623513,14.492220123895732,562.9824322464847,3.03226489226177,2080.28050728947,0.21844482421875,0.01487729748374178
107,FIXED,1680,3365.7704890567256,14.50263050579982,566.0724569978775,3.0489079934194376,2077.190481601654,0.22064208984375,0.017797069303818414
107,FIXED,1710,3357.8378129668854,14.468449722936818,564.381682972904,3.039801359849688,2078.8812539980718,0.2197265625,0.018695843659619626
107,FIXED,1740,3364.828304872266,14.49857076698517,568.3252109294917,3.0610414922046147,2074.9377234197236,0.21990966796875,0.01819954075853847
107,FIXED,1770,3353.965220999089,14.45176327013462,566.2255955553555,3.049732808981869,2077.037338705115,0.21826171875,0.015901147257444848
107,FIXED,1800,3349.8237869426084,14.433918414675652,564.1162968266144,3.038371970497208,2079.146636807738,0.2171630859375,0.015672717704868333
107,RANDOM,0,232.08000008761883,1.0,185.66400108486414,1.0,2457.60009765625,0.03167724609375,0
107,RANDOM,30,231.1379246301076,0.9959407296744417,37.63329045188584,0.20269567730948687,2605.630551703216,0.03265380859375,0.027610887695205477
107,RANDOM,60,236.74276329442728,1.0200911892668394,38.21605730344163,0.20583450254297633,2605.047783044487,0.03314208984375,0.028074720861210656
107,RANDOM,90,234.04687892916263,1.008475003622894,38.69834294086195,0.2084321285480298,2604.565471844602,0.03338623046875,0.028143597607820814
107,RANDOM,120,231.1954965228215,0.996188798843229,41.13613831317707,0.22156227417707314,2602.1276722820185,0.0313720703125,0.02664517454220494
107,RANDOM,150,227.39816805551527,0.9798266458534299,35.9800652612912,0.1937912845304097,2607.2837431847147,0.03167724609375,0.026600735175367873
107,RANDOM,180,227.56470539496513,0.9805442317694373,39.03555873810183,0.21024839769697345,2604.2282259493804,0.032470703125,0.025902371547836367
107,RANDOM,210,281.4061961302941,1.2125396243711342,48.86769927302157,0.26320503160267944,2594.39608367224,0.035888671875,0.026832785831016892
107,RANDOM,240,344.82393090013284,1.485797702386888,58.71300861905911,0.31623259369608386,2584.5507729738165,0.0440673828125,0.03415059320756764
107,RANDOM,270,482.8287382797207,2.080440960433622,82.44752177554074,0.44406843164957566,2560.8162576781033,0.05712890625,0.04391148606359141
107,RANDOM,300,801.1178083176928,3.4519036884489878,135.86083089306248,0.7317564530507054,2507.402830287916,0.0914306640625,0.0639547464373611
107,RANDOM,330,1423.6940879736212,6.134497102017079,243.72853915559244,1.3127398835070236,2399.534998944968,0.153564453125,0.1014520316517844
107,RANDOM,360,2190.018842862668,9.436482428627432,387.7509570077086,2.088455245723557,2255.5046514776113,0.21856689453125,0.14822438314306896
107,RANDOM,390,2981.251129914501,12.845790799676696,563.8283297354255,3.036820958510467,2079.427178345708,0.25823974609375,0.16971830353527295
107,RANDOM,420,3358.0111419890018,14.469196573255893,618.4686172650727,3.3311175761120233,2024.786443266923,0.2598876953125,0.14688644742525203
107,RANDOM,450,3368.4891314699926,14.514344752664007,600.3796236955823,3.2336889229331973,2042.8754317408675,0.23150634765625,0.07742167692592883
107,RANDOM,480,3376.6564865129185,14.549536734049058,602.8621032213559,3.247059740707608,2040.3929492203897,0.22796630859375,0.04620599105922896
107,RANDOM,510,3352.6943289136543,14.446287175318371,596.7832206861349,3.214318431139241,2046.471828812486,0.22454833984375,0.034632454060550266
107,RANDOM,540,3359.7828205297265,14.476830486303358,594.235916403908,3.200598462446643,2049.0191301975756,0.22283935546875,0.030294527475332345
107,RANDOM,570,3359.793808433984,14.476877831633647,586.66297426456,3.159810037684179,2056.592070139417,0.2218017578125,0.027318578712502095
107,RANDOM,600,3378.704106923513,14.558359641709439,588.861686582808,3.1716524643549424,2054.3933543495405,0.22320556640625,0.025976113742951057
107,RANDOM,630,3383.0324625985486,14.57700991606915,590.6531561265001,3.1813014514134146,2052.601883612464,0.22314453125,0.026912331779113563
107,RANDOM,660,3381.3591715391667,14.569799940807385,592.8512324762414,3.193140452710907,2050.403804370013,0.22314453125,0.02942678316236802
107,RANDOM,690,3379.1927774376527,14.560465254058435,595.0002327826514,3.204715126820336,2048.254801469491,0.2236328125,0.026965216256928493
107,RANDOM,720,3376.4239608429266,14.548534813720273,589.4582162744482,3.1748654172599458,2053.796817679504,0.22216796875,0.02470690906084491
107,RANDOM,750,3379.262190835285,14.560764346602411,588.8826594148704,3.171765425574887,2054.37237256729,0.22283935546875,0.026081329762037975
107,RANDOM,780,3357.4316169567173,14.466699481597562,589.4556786244066,3.174851749289705,2053.7993512517496,0.22509765625,0.03287889290390411
107,RANDOM,810,3377.1986220577237,14.551872719677291,594.0647906171362,3.1996767663409256,2049.1902348123695,0.2259521484375,0.032391233866756686
107,RANDOM,840,3367.7462364753155,14.511143722870846,588.4197989343447,3.1692724248972053,2054.835221307396,0.223388671875,0.03180436774509943
107,RANDOM,870,3366.79916922556,14.507062943616289,586.2966592854063,3.157837038195785,2056.9583562001208,0.221923828125,0.028839455409925385
107,RANDOM,900,3369.4816213796585,14.518621251756093,581.3170317093536,3.1310163968923765,2061.937981504103,0.22137451171875,0.026149876053501053
107,RANDOM,930,3388.278996167128,14.599616489520539,573.228580696099,3.087451403323389,2070.0264312269865,0.22137451171875,0.025027483934980107
107,RANDOM,960,3396.252192358501,14.633971867788217,573.8674466875673,3.0908923826609844,2069.3875648635367,0.22027587890625,0.01991645949773335
107,RANDOM,990,3401.3958494437393,14.656135160977188,574.9421412361553,3.0966807667435656,2068.3128680917725,0.22015380859375,0.01884244977897165
107,RANDOM,1020,3393.599541045347,14.622541967270497,575.4210591364099,3.0992602538679206,2067.8339479649076,0.2203369140625,0.016151466873978393
107,RANDOM,1050,3390.844659082708,14.61067156929739,574.5497185470886,3.0945671492044964,2068.705287699857,0.22015380859375,0.016184464090033046
107,RANDOM,1080,3399.5821590504347,14.648320224780102,575.3566372183268,3.098913272666898,2067.898368167189,0.2197265625,0.016757468948443766
107,RANDOM,1110,3366.345780680409,14.505109356297346,576.234639296752,3.103642256601828,2067.0203633418423,0.2197265625,0.02052979543030997
107,RANDOM,1140,3384.114733428767,14.581673268489908,585.2716410704597,3.1523162145091397,2057.983358648715,0.22393798828125,0.02911085498174104
107,RANDOM,1170,3367.3903003866853,14.509610044447477,580.9012615154425,3.128777027970659,2062.353733952841,0.22088623046875,0.02751029835248342
107,RANDOM,1200,3384.5181415341794,14.583411497140633,581.1752172178385,3.1302525735842153,2062.0797736979002,0.22149658203125,0.026649875296539283
107,RANDOM,1230,3370.12031227845,14.521373280791556,575.3640752571955,3.0989533344926974,2067.8909108093285,0.21832275390625,0.024994404006964288
107,RANDOM,1260,3356.474405890709,14.462574994068921,575.0099954094185,3.0970462343240697,2068.24498444223,0.22003173828125,0.024081369946712172
107,RANDOM,1290,3360.927481073384,14.481762667203158,574.0977363975471,3.0921327400196224,2069.1572394585746,0.21942138671875,0.023166537073606275
107,RANDOM,1320,3368.7400011942955,14.515425714936534,575.9569025571254,3.1021463460429493,2067.2980714063087,0.2188720703125,0.020123253869166913
107,RANDOM,1350,3355.974795482296,14.460422243257888,573.3710688441643,3.0882188549954024,2069.8839038658625,0.2161865234375,0.01616346408449587
107,RANDOM,1380,3369.7346588418077,14.519711554505376,577.1502032607095,3.108573551621906,2066.104767426463,0.21697998046875,0.015163844336520516
107,RANDOM,1410,3374.8911393776216,14.54193010213493,574.6941850831936,3.0953452566203707,2068.5607852530375,0.21636962890625,0.013027991994353005
107,RANDOM,1440,3377.5198850588167,14.553256996654936,575.7084166960412,3.1008079828727477,2067.5465529592184,0.216796875,0.013222772931843485
107,RANDOM,1470,3364.079117265297,14.495342623212824,574.6844447648327,3.0952927945474653,2068.5705216844035,0.21685791015625,0.015578401039161305
107,RANDOM,1500,3364.9801218708744,14.499224925027875,576.038844108698,3.1025876892817768,2067.216119081364,0.21820068359375,0.01842735386556882
107,RANDOM,1530,3360.913322538938,14.481701660074405,577.7318017308862,3.1117060838671358,2065.5231561685723,0.219482421875,0.022569234527479942
107,RANDOM,1560,3351.9623446288406,14.443133158235739,576.7163302598055,3.106236679646893,2066.538624127621,0.2181396484375,0.022541166818545677
107,RANDOM,1590,3369.4782338426703,14.51860665533681,579.5349853876905,3.1214181640025846,2063.7199647203015,0.21954345703125,0.021395432440258433
107,RANDOM,1620,3376.78502894548,14.550090605268089,581.8174150874574,3.13371149866321,2061.4375315097386,0.21942138671875,0.024194844192253262
107,RANDOM,1650,3358.293273126219,14.470412236549201,573.9129550413345,3.0911374940099874,2069.341987148611,0.21881103515625,0.02122043130113349
107,RANDOM,1680,3370.7266241041943,14.523985792966304,576.8675121504784,3.1070509564576345,2066.3874260792218,0.21868896484375,0.02205351148112422
107,RANDOM,1710,3378.9679326846235,14.559496429717932,573.4528332177724,3.0886592439406497,2069.802101600413,0.2169189453125,0.01801616547543272
107,RANDOM,1740,3365.4969776459184,14.50145198369234,570.9774470700504,3.075326631623464,2072.2774852425136,0.21612548828125,0.01736638091453191
107,RANDOM,1770,3360.433511019845,14.479634219886059,572.3938592707709,3.0829555321773903,2070.8610710789144,0.21710205078125,0.020913214476168535
107,RANDOM,1800,3371.044621611536,14.525355999391767,578.1271617789316,3.113835522238254,2065.1277628392636,0.218994140625,0.02213599186002116
107,Q_LEARNING,0,232.08000008761883,1.0,185.66400108486414,1.0,2457.60009765625,0.03167724609375,0
107,Q_LEARNING,30,231.1379246301076,0.9959407296744417,37.63329045188584,0.20269567730948687,2605.630551703216,0.03265380859375,0.027610887695205477
107,Q_LEARNING,60,236.74276329442728,1.0200911892668394,38.21605730344163,0.20583450254297633,2605.047783044487,0.03314208984375,0.028074720861210656
107,Q_LEARNING,90,234.04687892916263,1.008475003622894,38.69834294086195,0.2084321285480298,2604.565471844602,0.03338623046875,0.028143597607820814
107,Q_LEARNING,120,231.1954965228215,0.996188798843229,41.13613831317707,0.22156227417707314,2602.1276722820185,0.0313720703125,0.02664517454220494
107,Q_LEARNING,150,227.39816805551527,0.9798266458534299,35.9800652612912,0.1937912845304097,2607.2837431847147,0.03167724609375,0.026600735175367873
107,Q_LEARNING,180,227.56470539496513,0.9805442317694373,39.03555873810183,0.21024839769697345,2604.2282259493804,0.032470703125,0.025902371547836367
107,Q_LEARNING,210,291.6467650839477,1.2566647922002765,46.502100821060594,0.2504637439101897,2596.761681932039,0.03851318359375,0.02755714095207651
107,Q_LEARNING,240,468.02269204820914,2.016643794689388,76.02075390262144,0.40945338600062553,2567.243026629745,0.0526123046875,0.038665848312080975
107,Q_LEARNING,270,764.4686769078689,3.2939877482732403,122.71270850146163,0.6609396963570313,2520.5510689920047,0.094970703125,0.05837238870625505
107,Q_LEARNING,300,1285.10200245343,5.537323345261359,209.17584650265508,1.126636533094232,2434.087500137015,0.1478271484375,0.09700996836622666
107,Q_LEARNING,330,2066.3669243803297,8.903683745261114,348.2319539032378,1.8756029810219719,2295.031276709735,0.21466064453125,0.14053248093346987
107,Q_LEARNING,360,2885.006928056946,12.431088103101295,492.1487432032409,2.6507494200681765,2151.114336151113,0.26092529296875,0.1734762997554276
107,Q_LEARNING,390,3317.6216480076764,14.29516393810389,580.2599133600075,3.1253226795149143,2063.0031055698055,0.25946044921875,0.15142114205155155
107,Q_LEARNING,420,3354.977605951388,14.456125494160458,578.5655899462108,3.1161969286752442,2064.697418707983,0.231201171875,0.09708260323989382
107,Q_LEARNING,450,3356.2340707557123,14.461539423856468,573.9433149053584,3.091301014476241,2069.3196903747157,0.226318359375,0.050126197184403476
107,Q_LEARNING,480,3348.2543610332614,14.427155979701702,570.6827310311637,3.073739269306781,2072.5802709361596,0.22247314453125,0.03506142635852205
107,Q_LEARNING,510,3345.5514731718868,14.415509616980424,571.0146804935503,3.075527173587885,2072.248321030842,0.221435546875,0.028841521318677232
107,Q_LEARNING,540,3360.751732110948,14.481005389702428,571.0616284509742,3.0757800387483343,2072.201370942006,0.22015380859375,0.02256931350314062
107,Q_LEARNING,570,3355.890462028765,14.460058862296584,570.3689092028799,3.072049001799617,2072.894088292156,0.21923828125,0.01979488932774487
107,Q_LEARNING,600,3354.16024432634,14.452603598155894,569.1984412916936,3.065744775324118,2074.064555019766,0.21917724609375,0.018282436734272878
107,Q_LEARNING,630,3344.776168615457,14.412168938955014,566.700112429171,3.052288591853308,2076.5628805564265,0.21905517578125,0.018669584884301593
107,Q_LEARNING,660,3343.7286391143134,14.407655282023144,566.1152469521476,3.049138463268305,2077.1477442125433,0.21734619140625,0.017025004877548766
107,Q_LEARNING,690,3342.6946011367654,14.403199758164314,566.2266854931659,3.0497386794672834,2077.036304796784,0.2178955078125,0.016869332381595603
107,Q_LEARNING,720,3344.560174436767,14.411238250491516,565.8023043405992,3.0474529312873084,2077.460684008918,0.21856689453125,0.017438666824551197
107,Q_LEARNING,750,3347.013598016958,14.421809706796518,567.5702619539225,3.056975281355134,2075.692725445595,0.21990966796875,0.016918181658792886
107,Q_LEARNING,780,3344.7403155801912,14.412014453280884,566.3654375293991,3.0504860081654828,2076.8975490133525,0.218505859375,0.01726529486126105
107,Q_LEARNING,810,3332.8636770720477,14.36083969240679,564.364926297596,3.0397111071609055,2078.8980587488404,0.21942138671875,0.020611841967961064
107,Q_LEARNING,840,3331.6942215177187,14.355800673301793,562.8023020980618,3.031294698000252,2080.460680373144,0.21868896484375,0.01806953891765639
107,Q_LEARNING,870,3332.0101624942035,14.35716201842574,563.9505038916104,3.037478997524336,2079.312476586849,0.21893310546875,0.015572177175028568
107,Q_LEARNING,900,3346.33227754524,14.41887399294155,563.429459481209,3.0346726139100824,2079.8335195026157,0.21868896484375,0.014947052088995605
107,Q_LEARNING,930,3329.445067310622,14.346109384926029,560.9650508719351,3.02139912742442,2082.2979273096826,0.2176513671875,0.015843526434134114
107,Q_LEARNING,960,3347.7519277869287,14.424991065680059,563.9645711239937,3.0375547646752166,2079.298404147241,0.2188720703125,0.015184733755050361
107,Q_LEARNING,990,3347.381274666681,14.423393973642364,562.7859559011704,3.031206656178489,2080.4770176391903,0.21832275390625,0.016800362489021836
107,Q_LEARNING,1020,3355.644498055917,14.45899903821543,564.0776927437546,3.0381640460604067,2079.185279550802,0.21807861328125,0.014829073371250168
107,Q_LEARNING,1050,3358.858978847995,14.4728497827469,565.6966294094891,3.046883758316282,2077.5663417856813,0.218017578125,0.014425231481764111
107,Q_LEARNING,1080,3364.56368812226,14.497430570717047,566.6533035746979,3.052036475911609,2076.6096634888454,0.21923828125,0.014386662854451782
107,Q_LEARNING,1110,3331.263090341681,14.353942989848353,562.1188458116194,3.027613552046008,2081.144116513169,0.21929931640625,0.02029242627804939
107,Q_LEARNING,1140,3342.7033297689195,14.403237368609638,566.9430836660667,3.0535972528510027,2076.31987455902,0.2227783203125,0.029619621590673995
107,Q_LEARNING,1170,3356.8133179163697,14.464035318205136,568.3741147431101,3.0613048917507446,2074.8888394159803,0.2232666015625,0.030477880627454004
107,Q_LEARNING,1200,3339.9615825189203,14.391423566261464,567.1642831272911,3.0547886494595637,2076.098666124999,0.2216796875,0.030949317330823164
107,Q_LEARNING,1230,3359.5463064865253,14.475811380636728,571.9600007670888,3.0806187382854833,2071.302944217423,0.22393798828125,0.03115463104235411
107,Q_LEARNING,1260,3363.3243040935486,14.492090239674976,568.1342522797349,3.0600129748364604,2075.128687685821,0.2208251953125,0.02767887064363661
107,Q_LEARNING,1290,3356.6863959871407,14.463488429506492,566.4922521207045,3.051169040905079,2076.7706846661895,0.21820068359375,0.021221765532802195
107,Q_LEARNING,1320,3369.458969795436,14.518523649273268,566.9780600901322,3.053785638450048,2076.2848761471396,0.218017578125,0.017209735685478122
107,Q_LEARNING,1350,3366.052637241779,14.50384624254985,567.1343512514213,3.0546274341690665,2076.128582518875,0.2178955078125,0.015874414799678438
107,Q_LEARNING,1380,3359.3315713727297,14.474886117306347,565.100851955227,3.0436748570172636,2078.162080763206,0.2174072265625,0.015200720160993608
107,Q_LEARNING,1410,3352.5938032910317,14.445854024583346,562.6732215261873,3.030599460522226,2080.589709486696,0.2159423828125,0.015483585156412294
107,Q_LEARNING,1440,3346.9153457830253,14.421386351772838,562.2773969262344,3.02846752004028,2080.9855326356264,0.2166748046875,0.014603487244921165
107,Q_LEARNING,1470,3343.067573448163,14.404806843269695,565.2205589572841,3.044319607757082,2078.0423700529936,0.21771240234375,0.016968931012283583
107,Q_LEARNING,1500,3353.5517180093884,14.44998154405075,564.1919449134439,3.0387794166708737,2079.070982997211,0.217041015625,0.01566659913935098
107,Q_LEARNING,1530,3354.1729242799984,14.452658234288492,565.4636399822921,3.0456288600816452,2077.7992855003176,0.21893310546875,0.015286667934048148
107,Q_LEARNING,1560,3350.4954786563158,14.436812639569887,563.682735610113,3.036036777815977,2079.580187149022,0.218017578125,0.01836294158785229
107,Q_LEARNING,1590,3351.3476983496803,14.440484734076275,565.1299140638002,3.0438313876769687,2078.133009153815,0.21734619140625,0.01855713369727152
107,Q_LEARNING,1620,3347.3950271002686,14.423453230939772,564.8076150656998,3.042095461508098,2078.45530734981,0.2166748046875,0.018587987602855627
107,Q_LEARNING,1650,3353.2066361165616,14.44849463482679,565.249464761604,3.0444752965505533,2078.013455766937,0.21697998046875,0.014436096738734139
107,Q_LEARNING,1680,3343.4845174200454,14.40660339606065,562.2079250847164,3.028093339579275,2081.0549931785426,0.2144775390625,0.012453272182588182
107,Q_LEARNING,1710,3344.3869892413786,14.410492019901534,560.1842871126719,3.01719387624648,2083.078630447533,0.2154541015625,0.013021391829783902
107,Q_LEARNING,1740,3337.2046638797037,14.379544392536129,560.6244468699078,3.019564609154658,2082.6384695608176,0.2149658203125,0.013367105645636812
107,Q_LEARNING,1770,3348.951235071523,14.430158711682047,561.8912281331723,3.0263875864462304,2081.3716872540317,0.216796875,0.014653206894550408
107,Q_LEARNING,1800,3354.32537436601,14.45331512021556,564.131800434523,3.0384554740725807,2079.131112136507,0.21783447265625,0.01541228166235653
108,RANDOM,0,230.44000006094575,1.0,184.352001093328,1.0,2457.60009765625,0.03106689453125,0
108,RANDOM,30,238.63720233668573,1.0355719591805763,42.89620751593975,0.2326864219619921,2599.0557262004586,0.0316162109375,0.02725349434440716
108,RANDOM,60,152.55364537704736,0.6620102644362986,24.775997198667028,0.13439505430767854,2617.175935129766,0.0216064453125,0.023440400791926663
108,RANDOM,90,128.15171035935055,0.5561174723375176,21.67366954507088,0.1175667712665544,2620.2782629333233,0.0186767578125,0.016425462272197322
108,RANDOM,120,78.63726484659128,0.3412483285271378,12.73904183779814,0.06910172801080154,2629.21288868197,0.0113525390625,0.012434842654313272
108,RANDOM,150,79.87898336455692,0.34663679631761357,12.793638621340506,0.06939788310116439,2629.1582921054796,0.0111083984375,0.009434363866823503
108,RANDOM,180,77.1923051380436,0.33497789063369254,12.55489240985571,0.06810282684970591,2629.397038204639,0.0098876953125,0.00950511867867121
108,RANDOM,210,85.42935995786684,0.3707227909012014,14.540533911545936,0.07887375143915475,2627.4113625559257,0.01190185546875,0.009315233621123298
108,RANDOM,240,82.75067766802385,0.3590985837794581,15.025821826322499,0.08150614985033817,2626.926074340503,0.01165771484375,0.009827635198302431
108,RANDOM,270,81.09994023229956,0.3519351684206327,14.269926974826376,0.07740586969599664,2627.681943221687,0.0113525390625,0.009906539821703308
108,RANDOM,300,79.85156242380617,0.3465178024765118,13.868891463018372,0.07523049047890323,2628.082886542281,0.010986328125,0.009809401496291503
108,RANDOM,330,77.44051254133228,0.33605499271329264,14.246449105306965,0.07727851621255098,2627.705328075259,0.01080322265625,0.009528592656796064
108,RANDOM,360,76.3489118347643,0.33131796482629694,13.316975281806663,0.07223667333594583,2628.6347901895933,0.0098876953125,0.00904867128676301
108,RANDOM,390,0.04491011053323746,0.0001948885198809227,0.022594062611460686,0.0001225593564347721,2641.929170936346,0,0.004657226667738712
108,RANDOM,420,0,0.0,0,0.0,2641.95176500082,0,2.741095613600919e-06
108,RANDOM,450,0,0.0,0,0.0,2641.95176500082,0,0
108,RANDOM,480,0,0.0,0,0.0,2641.95176500082,0,0
108,RANDOM,510,0,0.0,0,0.0,2641.95176500082,0,0
108,RANDOM,540,0,0.0,0,0.0,2641.95176500082,0,0
108,RANDOM,570,0,0.0,0,0.0,2641.95176500082,0,0
108,RANDOM,600,0,0.0,0,0.0,2641.95176500082,0,0
108,RANDOM,630,0,0.0,0,0.0,2641.95176500082,0,0
108,RANDOM,660,0,0.0,0,0.0,2641.95176500082,0,0
108,RANDOM,690,0,0.0,0,0.0,2641.95176500082,0,0
108,RANDOM,720,0,0.0,0,0.0,2641.95176500082,0,0
108,RANDOM,750,0,0.0,0,0.0,2641.95176500082,0,0
108,RANDOM,780,0,0.0,0,0.0,2641.95176500082,0,0
108,RANDOM,810,0,0.0,0,0.0,2641.95176500082,0,0
108,RANDOM,840,0,0.0,0,0.0,2641.95176500082,0,0
108,RANDOM,870,0,0.0,0,0.0,2641.95176500082,0,0
108,RANDOM,900,0,0.0,0,0.0,2641.95176500082,0,0
108,RANDOM,930,0,0.0,0,0.0,2641.95176500082,0,0
108,RANDOM,960,0,0.0,0,0.0,2641.95176500082,0,0
108,RANDOM,990,0,0.0,0,0.0,2641.95176500082,0,0
108,RANDOM,1020,0,0.0,0,0.0,2641.95176500082,0,0
108,RANDOM,1050,0,0.0,0,0.0,2641.95176500082,0,0
108,RANDOM,1080,0,0.0,0,0.0,2641.95176500082,0,0
108,RANDOM,1110,0,0.0,0,0.0,2641.95176500082,0,0
108,RANDOM,1140,0,0.0,0,0.0,2641.95176500082,0,0
108,RANDOM,1170,0,0.0,0,0.0,2641.95176500082,0,0
108,RANDOM,1200,0,0.0,0,0.0,2641.95176500082,0,0
108,RANDOM,1230,0,0.0,0,0.0,2641.95176500082,0,0
108,RANDOM,1260,0,0.0,0,0.0,2641.95176500082,0,0
108,RANDOM,1290,0,0.0,0,0.0,2641.95176500082,0,0
108,RANDOM,1320,0,0.0,0,0.0,2641.95176500082,0,0
108,RANDOM,1350,0,0.0,0,0.0,2641.95176500082,0,0
108,RANDOM,1380,0,0.0,0,0.0,2641.95176500082,0,0
108,RANDOM,1410,0,0.0,0,0.0,2641.95176500082,0,0
108,RANDOM,1440,0,0.0,0,0.0,2641.95176500082,0,0
108,RANDOM,1470,0,0.0,0,0.0,2641.95176500082,0,0
108,RANDOM,1500,0,0.0,0,0.0,2641.95176500082,0,0
108,RANDOM,1530,0,0.0,0,0.0,2641.95176500082,0,0
108,RANDOM,1560,0,0.0,0,0.0,2641.95176500082,0,0
108,RANDOM,1590,0,0.0,0,0.0,2641.95176500082,0,0
108,RANDOM,1620,0,0.0,0,0.0,2641.95176500082,0,0
108,RANDOM,1650,0,0.0,0,0.0,2641.95176500082,0,0
108,RANDOM,1680,0,0.0,0,0.0,2641.95176500082,0,0
108,RANDOM,1710,0,0.0,0,0.0,2641.95176500082,0,0
108,RANDOM,1740,0,0.0,0,0.0,2641.95176500082,0,0
108,RANDOM,1770,0,0.0,0,0.0,2641.95176500082,0,0
108,RANDOM,1800,0,0.0,0,0.0,2641.95176500082,0,0
108,Q_LEARNING,0,230.44000006094575,1.0,184.352001093328,1.0,2457.60009765625,0.03106689453125,0
108,Q_LEARNING,30,238.63720233668573,1.0355719591805763,42.89620751593975,0.2326864219619921,2599.0557262004586,0.0316162109375,0.02725349434440716
108,Q_LEARNING,60,152.55364537704736,0.6620102644362986,24.775997198667028,0.13439505430767854,2617.175935129766,0.0216064453125,0.023440400791926663
108,Q_LEARNING,90,128.15171035935055,0.5561174723375176,21.67366954507088,0.1175667712665544,2620.2782629333233,0.0186767578125,0.016425462272197322
108,Q_LEARNING,120,78.63726484659128,0.3412483285271378,12.73904183779814,0.06910172801080154,2629.21288868197,0.0113525390625,0.012434842654313272
108,Q_LEARNING,150,79.87898336455692,0.34663679631761357,12.793638621340506,0.06939788310116439,2629.1582921054796,0.0111083984375,0.009434363866823503
108,Q_LEARNING,180,77.1923051380436,0.33497789063369254,12.55489240985571,0.06810282684970591,2629.397038204639,0.0098876953125,0.00950511867867121
108,Q_LEARNING,210,84.44607731280848,0.36645581188367715,13.783347647877235,0.07476646614158222,2628.168531794654,0.01239013671875,0.0094787462368906
108,Q_LEARNING,240,80.67023190436885,0.35007043865228926,13.146106443477038,0.0713098114775648,2628.805772957916,0.011474609375,0.009915139818701846
108,Q_LEARNING,270,81.38624480261933,0.35317759408563904,13.595794582310191,0.07374910226999562,2628.3560846663604,0.01123046875,0.009814669225896466
108,Q_LEARNING,300,82.57999392342754,0.3583578975073214,13.861804369516904,0.07519204721026804,2628.0900739188364,0.011474609375,0.009922661701359914
108,Q_LEARNING,330,73.95857814140618,0.320945053470951,12.745511158136651,0.06913682022732288,2629.206258322796,0.0093994140625,0.009331647650085984
108,Q_LEARNING,360,0,0.0,0,0.0,2641.9517696499825,0,0.004514073372888561
108,Q_LEARNING,390,0,0.0,0,0.0,2641.9517696499825,0,0
108,Q_LEARNING,420,0,0.0,0,0.0,2641.9517696499825,0,0
108,Q_LEARNING,450,0,0.0,0,0.0,2641.9517696499825,0,0
108,Q_LEARNING,480,0,0.0,0,0.0,2641.9517696499825,0,0
108,Q_LEARNING,510,0,0.0,0,0.0,2641.9517696499825,0,0
108,Q_LEARNING,540,0,0.0,0,0.0,2641.9517696499825,0,0
108,Q_LEARNING,570,0,0.0,0,0.0,2641.9517696499825,0,0
108,Q_LEARNING,600,0,0.0,0,0.0,2641.9517696499825,0,0
108,Q_LEARNING,630,0,0.0,0,0.0,2641.9517696499825,0,0
108,Q_LEARNING,660,0,0.0,0,0.0,2641.9517696499825,0,0
108,Q_LEARNING,690,0,0.0,0,0.0,2641.9517696499825,0,0
108,Q_LEARNING,720,0,0.0,0,0.0,2641.9517696499825,0,0
108,Q_LEARNING,750,0,0.0,0,0.0,2641.9517696499825,0,0
108,Q_LEARNING,780,0,0.0,0,0.0,2641.9517696499825,0,0
108,Q_LEARNING,810,0,0.0,0,0.0,2641.9517696499825,0,0
108,Q_LEARNING,840,0,0.0,0,0.0,2641.9517696499825,0,0
108,Q_LEARNING,870,0,0.0,0,0.0,2641.9517696499825,0,0
108,Q_LEARNING,900,0,0.0,0,0.0,2641.9517696499825,0,0
108,Q_LEARNING,930,0,0.0,0,0.0,2641.9517696499825,0,0
108,Q_LEARNING,960,0,0.0,0,0.0,2641.9517696499825,0,0
108,Q_LEARNING,990,0,0.0,0,0.0,2641.9517696499825,0,0
108,Q_LEARNING,1020,0,0.0,0,0.0,2641.9517696499825,0,0
108,Q_LEARNING,1050,0,0.0,0,0.0,2641.9517696499825,0,0
108,Q_LEARNING,1080,0,0.0,0,0.0,2641.9517696499825,0,0
108,Q_LEARNING,1110,0,0.0,0,0.0,2641.9517696499825,0,0
108,Q_LEARNING,1140,0,0.0,0,0.0,2641.9517696499825,0,0
108,Q_LEARNING,1170,0,0.0,0,0.0,2641.9517696499825,0,0
108,Q_LEARNING,1200,0,0.0,0,0.0,2641.9517696499825,0,0
108,Q_LEARNING,1230,0,0.0,0,0.0,2641.9517696499825,0,0
108,Q_LEARNING,1260,0,0.0,0,0.0,2641.9517696499825,0,0
108,Q_LEARNING,1290,0,0.0,0,0.0,2641.9517696499825,0,0
108,Q_LEARNING,1320,0,0.0,0,0.0,2641.9517696499825,0,0
108,Q_LEARNING,1350,0,0.0,0,0.0,2641.9517696499825,0,0
108,Q_LEARNING,1380,0,0.0,0,0.0,2641.9517696499825,0,0
108,Q_LEARNING,1410,0,0.0,0,0.0,2641.9517696499825,0,0
108,Q_LEARNING,1440,0,0.0,0,0.0,2641.9517696499825,0,0
108,Q_LEARNING,1470,0,0.0,0,0.0,2641.9517696499825,0,0
108,Q_LEARNING,1500,0,0.0,0,0.0,2641.9517696499825,0,0
108,Q_LEARNING,1530,0,0.0,0,0.0,2641.9517696499825,0,0
108,Q_LEARNING,1560,0,0.0,0,0.0,2641.9517696499825,0,0
108,Q_LEARNING,1590,0,0.0,0,0.0,2641.9517696499825,0,0
108,Q_LEARNING,1620,0,0.0,0,0.0,2641.9517696499825,0,0
108,Q_LEARNING,1650,0,0.0,0,0.0,2641.9517696499825,0,0
108,Q_LEARNING,1680,0,0.0,0,0.0,2641.9517696499825,0,0
108,Q_LEARNING,1710,0,0.0,0,0.0,2641.9517696499825,0,0
108,Q_LEARNING,1740,0,0.0,0,0.0,2641.9517696499825,0,0
108,Q_LEARNING,1770,0,0.0,0,0.0,2641.9517696499825,0,0
108,Q_LEARNING,1800,0,0.0,0,0.0,2641.9517696499825,0,0
108,FIXED,0,230.44000006094575,1.0,184.352001093328,1.0,2457.60009765625,0.03106689453125,0
108,FIXED,30,238.63720233668573,1.0355719591805763,42.89620751593975,0.2326864219619921,2599.0557262004586,0.0316162109375,0.02725349434440716
108,FIXED,60,152.55364537704736,0.6620102644362986,24.775997198667028,0.13439505430767854,2617.175935129766,0.0216064453125,0.023440400791926663
108,FIXED,90,128.15171035935055,0.5561174723375176,21.67366954507088,0.1175667712665544,2620.2782629333233,0.0186767578125,0.016425462272197322
108,FIXED,120,78.63726484659128,0.3412483285271378,12.73904183779814,0.06910172801080154,2629.21288868197,0.0113525390625,0.012434842654313272
108,FIXED,150,79.87898336455692,0.34663679631761357,12.793638621340506,0.06939788310116439,2629.1582921054796,0.0111083984375,0.009434363866823503
108,FIXED,180,77.1923051380436,0.33497789063369254,12.55489240985571,0.06810282684970591,2629.397038204639,0.0098876953125,0.00950511867867121
108,FIXED,210,84.44607731280848,0.36645581188367715,13.783347647877235,0.07476646614158222,2628.168531794654,0.01239013671875,0.0094787462368906
108,FIXED,240,80.67023190436885,0.35007043865228926,13.146106443477038,0.0713098114775648,2628.805772957916,0.011474609375,0.009915139818701846
108,FIXED,270,81.38624480261933,0.35317759408563904,13.595794582310191,0.07374910226999562,2628.3560846663604,0.01123046875,0.009814669225896466
108,FIXED,300,82.57999392342754,0.3583578975073214,13.861804369516904,0.07519204721026804,2628.0900739188364,0.011474609375,0.009922661701359914
108,FIXED,330,73.95857814140618,0.320945053470951,12.745511158136651,0.06913682022732288,2629.206258322796,0.0093994140625,0.009331647650085984
108,FIXED,360,0,0.0,0,0.0,2641.9517696499825,0,0.004514073372888561
108,FIXED,390,0,0.0,0,0.0,2641.9517696499825,0,0
108,FIXED,420,0,0.0,0,0.0,2641.9517696499825,0,0
108,FIXED,450,0,0.0,0,0.0,2641.9517696499825,0,0
108,FIXED,480,0,0.0,0,0.0,2641.9517696499825,0,0
108,FIXED,510,0,0.0,0,0.0,2641.9517696499825,0,0
108,FIXED,540,0,0.0,0,0.0,2641.9517696499825,0,0
108,FIXED,570,0,0.0,0,0.0,2641.9517696499825,0,0
108,FIXED,600,0,0.0,0,0.0,2641.9517696499825,0,0
108,FIXED,630,0,0.0,0,0.0,2641.9517696499825,0,0
108,FIXED,660,0,0.0,0,0.0,2641.9517696499825,0,0
108,FIXED,690,0,0.0,0,0.0,2641.9517696499825,0,0
108,FIXED,720,0,0.0,0,0.0,2641.9517696499825,0,0
108,FIXED,750,0,0.0,0,0.0,2641.9517696499825,0,0
108,FIXED,780,0,0.0,0,0.0,2641.9517696499825,0,0
108,FIXED,810,0,0.0,0,0.0,2641.9517696499825,0,0
108,FIXED,840,0,0.0,0,0.0,2641.9517696499825,0,0
108,FIXED,870,0,0.0,0,0.0,2641.9517696499825,0,0
108,FIXED,900,0,0.0,0,0.0,2641.9517696499825,0,0
108,FIXED,930,0,0.0,0,0.0,2641.9517696499825,0,0
108,FIXED,960,0,0.0,0,0.0,2641.9517696499825,0,0
108,FIXED,990,0,0.0,0,0.0,2641.9517696499825,0,0
108,FIXED,1020,0,0.0,0,0.0,2641.9517696499825,0,0
108,FIXED,1050,0,0.0,0,0.0,2641.9517696499825,0,0
108,FIXED,1080,0,0.0,0,0.0,2641.9517696499825,0,0
108,FIXED,1110,0,0.0,0,0.0,2641.9517696499825,0,0
108,FIXED,1140,0,0.0,0,0.0,2641.9517696499825,0,0
108,FIXED,1170,0,0.0,0,0.0,2641.9517696499825,0,0
108,FIXED,1200,0,0.0,0,0.0,2641.9517696499825,0,0
108,FIXED,1230,0,0.0,0,0.0,2641.9517696499825,0,0
108,FIXED,1260,0,0.0,0,0.0,2641.9517696499825,0,0
108,FIXED,1290,0,0.0,0,0.0,2641.9517696499825,0,0
108,FIXED,1320,0,0.0,0,0.0,2641.9517696499825,0,0
108,FIXED,1350,0,0.0,0,0.0,2641.9517696499825,0,0
108,FIXED,1380,0,0.0,0,0.0,2641.9517696499825,0,0
108,FIXED,1410,0,0.0,0,0.0,2641.9517696499825,0,0
108,FIXED,1440,0,0.0,0,0.0,2641.9517696499825,0,0
108,FIXED,1470,0,0.0,0,0.0,2641.9517696499825,0,0
108,FIXED,1500,0,0.0,0,0.0,2641.9517696499825,0,0
108,FIXED,1530,0,0.0,0,0.0,2641.9517696499825,0,0
108,FIXED,1560,0,0.0,0,0.0,2641.9517696499825,0,0
108,FIXED,1590,0,0.0,0,0.0,2641.9517696499825,0,0
108,FIXED,1620,0,0.0,0,0.0,2641.9517696499825,0,0
108,FIXED,1650,0,0.0,0,0.0,2641.9517696499825,0,0
108,FIXED,1680,0,0.0,0,0.0,2641.9517696499825,0,0
108,FIXED,1710,0,0.0,0,0.0,2641.9517696499825,0,0
108,FIXED,1740,0,0.0,0,0.0,2641.9517696499825,0,0
108,FIXED,1770,0,0.0,0,0.0,2641.9517696499825,0,0
108,FIXED,1800,0,0.0,0,0.0,2641.9517696499825,0,0
